repetition,mode,pod,requests,long_output_requests,output_tokens
1,aggregated,pd-aggregate-0,8,5,1328
1,aggregated,pd-aggregate-1,8,4,1088
1,aggregated,pd-aggregate-2,8,3,848
1,aggregated,pd-aggregate-3,8,6,1568
1,disaggregated,pd-decode-0,10,7,1840
1,disaggregated,pd-decode-1,11,6,1616
1,disaggregated,pd-decode-2,11,5,1376
2,aggregated,pd-aggregate-0,8,4,1088
2,aggregated,pd-aggregate-1,8,5,1328
2,aggregated,pd-aggregate-2,8,3,848
2,aggregated,pd-aggregate-3,8,6,1568
2,disaggregated,pd-decode-0,10,6,1600
2,disaggregated,pd-decode-1,11,7,1856
2,disaggregated,pd-decode-2,11,5,1376
3,aggregated,pd-aggregate-0,8,5,1328
3,aggregated,pd-aggregate-1,8,5,1328
3,aggregated,pd-aggregate-2,8,3,848
3,aggregated,pd-aggregate-3,8,5,1328
3,disaggregated,pd-decode-0,10,5,1360
3,disaggregated,pd-decode-1,11,7,1856
3,disaggregated,pd-decode-2,11,6,1616
