workload,concurrency,actual_input_tokens_avg,actual_output_tokens_avg,a_requests,d_requests,a_output_tok_s,d_output_tok_s,d_over_a_throughput,d_throughput_change_pct,a_ttft_ms,d_ttft_ms,a_latency_ms,d_latency_ms,a_latency_p95_ms,d_latency_p95_ms,a_itl_ms,d_itl_ms
i64-o16,4,94.0,16.0,48,48,102.2877352624196,87.23411772759748,0.8528306693250954,-14.716933067490457,161.70356262500002,270.3593332083333,599.57418475,701.1145927083332,640.779059,864.930382,29.19137480833333,28.717017300000002
i64-o16,16,94.0,16.0,48,48,226.61932137546762,120.64406396105414,0.5323644216600956,-46.76355783399045,356.5303503125,1145.1105163124998,889.6501633333332,1606.3869472916667,1160.814473,2308.182669,35.54132086805555,30.751762065277777
i64-o128,4,94.0,128.0,48,48,117.62866154871877,112.63625505727356,0.9575579078626387,-4.244209213736127,166.54110649999998,266.82698666666664,4229.328472458333,4341.934173395833,4424.033641,4748.837334,31.990451700459317,32.08745816322178
i64-o128,16,94.0,128.0,48,48,291.4790418215431,267.0227800558636,0.9160959854511505,-8.390401454884955,350.56662235416667,813.6361278958333,5347.992868479167,6077.645254375,6020.348792,7497.874589,39.34981296161417,41.44889075967848
i704-o16,4,734.0,16.0,48,48,49.92101927686963,20.14881524549066,0.4036138591991129,-59.6386140800887,819.4192139166666,2577.9137380833336,1247.7099482708334,2981.036819395833,1317.1156899999999,3206.159791,28.552715623611107,26.874872087499995
i704-o16,16,734.0,16.0,48,48,65.55799122876792,20.100478231834696,0.30660607280801305,-69.33939271919868,2464.047457854166,8476.543388375,2944.1476371041663,8877.246085833332,4136.70115,12626.24172,32.00667861666666,26.71351316388889
i704-o128,4,734.0,128.0,48,48,99.94761179979517,91.96047106847183,0.9200867275616114,-7.991327243838864,833.2542401458333,1280.962035375,4954.5660235625,5355.685796,5226.501701,6520.409898999999,32.4512738851706,32.084439060039365
i704-o128,16,734.0,128.0,48,48,233.38020895012727,128.4433706262003,0.5503610233447358,-44.96389766552642,1950.0921511458332,7701.259002625,7097.592499958333,12073.995145604165,9340.433097,17096.043401,40.531498809547244,34.430993251804466
mixed,4,307.3333333333333,90.66666666666667,48,48,98.74933578480068,93.50136834186469,0.9468556684333289,-5.314433156667109,392.3061205625,718.0467748125,3295.456726208333,3588.2146398958334,4543.440517,5350.555708,31.630257901323272,31.152027089370076
mixed,16,307.3333333333333,90.66666666666667,48,48,221.9494611986966,171.41787297900873,0.772328403291548,-22.767159670845206,856.3783540416666,2762.8901184791666,4472.082195249999,6124.148144541667,6441.815286999999,8924.99151,39.42196202841207,37.21137659629265
