workload,concurrency,mode,repetitions,requests,errors,output_tokens_per_second,output_tokens_per_second_std,requests_per_second,requests_per_second_std,latency_avg_ms,latency_avg_ms_std,ttft_avg_ms,ttft_avg_ms_std,itl_avg_ms,itl_avg_ms_std,input_tokens_avg,input_tokens_avg_std,output_tokens_avg,output_tokens_avg_std,duration_seconds,duration_seconds_std,latency_p95_ms,ttft_p95_ms
i64-o128,4,aggregated,2,48,0,117.62866154871877,1.2926746774758304,0.9189739183493654,0.010099020917779925,4229.328472458333,4.29789477703354,166.54110649999998,2.866146852105117,31.990451700459317,0.056409776607394005,94.0,0.0,128.0,0.0,26.11522752,0.2875240535224968,4424.033641,213.707347
i64-o128,4,disaggregated,2,48,0,112.63625505727356,0.5477168657436751,0.8799707426349497,0.004279038013622461,4341.934173395833,31.746147696153354,266.82698666666664,3.1721341712625506,32.08745816322178,0.274947101318241,94.0,0.0,128.0,0.0,27.271188480000003,0.13288195008161183,4748.837334,479.888293
i64-o128,16,aggregated,2,48,0,291.4790418215431,2.342687049117946,2.2771800142308054,0.018302242571233952,5347.992868479167,21.0364251198462,350.56662235416667,5.611577937127952,39.34981296161417,0.20982679572420948,94.0,0.0,128.0,0.0,10.535315968,0.08644361166701088,6020.348792,611.5944069999999
i64-o128,16,disaggregated,2,48,0,267.0227800558636,0.8825555160747656,2.0861154691864345,0.006894964969334106,6077.645254375,25.49607378452006,813.6361278958333,26.78997851976342,41.44889075967848,0.41170119924631987,94.0,0.0,128.0,0.0,11.501497088,0.037834127336620525,7497.874589,1827.50937
i64-o16,4,aggregated,2,48,0,102.2877352624196,1.0981532892784376,6.392983453901225,0.06863458057990235,599.57418475,4.221570967434744,161.70356262500002,0.5028330601921573,29.19137480833333,0.2479158604828359,94.0,0.0,16.0,0.0,3.7514193920000003,0.039759448994144,640.779059,204.979668
i64-o16,4,disaggregated,2,48,0,87.23411772759748,1.1783580757845427,5.452132357974842,0.07364737973653392,701.1145927083332,11.367114918879777,270.3593332083333,0.2612750717649465,28.717017300000002,0.740389323140992,94.0,0.0,16.0,0.0,4.398748416,0.05839973409773571,864.930382,477.95561999999995
i64-o16,16,aggregated,2,48,0,226.61932137546762,2.7968383828129912,14.163707585966726,0.17480239892581195,889.6501633333332,5.547073918243903,356.5303503125,12.530967926746115,35.54132086805555,0.4655929339001444,94.0,0.0,16.0,0.0,1.6919013120000002,0.021091105893475452,1160.814473,625.018106
i64-o16,16,disaggregated,2,48,0,120.64406396105414,1.3459606077594144,7.540253997565884,0.0841225379849634,1606.3869472916667,7.489503729710128,1145.1105163124998,15.861847393608596,30.751762065277777,0.5581562442598831,94.0,0.0,16.0,0.0,3.1804610560000004,0.035577540294247485,2308.182669,1868.7469629999998
i704-o128,4,aggregated,2,48,0,99.94761179979517,0.32303219721607535,0.7808407171858998,0.0025236890407505886,4954.5660235625,8.881779215808693,833.2542401458333,8.207816356148783,32.4512738851706,0.005306794170548195,734.0,0.0,128.0,0.0,30.732464128000004,0.09973043092821629,5226.501701,922.859754
i704-o128,4,disaggregated,2,48,0,91.96047106847183,0.12389583912420847,0.7184411802224362,0.0009679362431578787,5355.685796,8.18377145521952,1280.962035375,31.623484085591738,32.084439060039365,0.18456466638087735,734.0,0.0,128.0,0.0,33.402598656,0.045002131002903116,6520.409898999999,2625.736082
i704-o128,16,aggregated,2,48,0,233.38020895012727,1.4367865207709172,1.8232828824228693,0.01122489469352279,7097.592499958333,11.79182446486403,1950.0921511458332,14.222207659062956,40.531498809547244,0.019136875544864373,734.0,0.0,128.0,0.0,13.159906688,0.08085174335913699,9340.433097,3892.4206099999997
i704-o128,16,disaggregated,2,48,0,128.4433706262003,2.036485285923252,1.0034638330171899,0.015910041296275407,12073.995145604165,213.84170656483664,7701.259002625,308.1899605520934,34.430993251804466,0.7428996376949394,734.0,0.0,128.0,0.0,23.916965248,0.37949708182646613,17096.043401,12842.752722
i704-o16,4,aggregated,2,48,0,49.92101927686963,0.27352833732568693,3.120063704804352,0.017095521082855433,1247.7099482708334,4.106584709823744,819.4192139166666,6.944862156122391,28.552715623611107,0.18921849641991131,734.0,0.0,16.0,0.0,7.689408640000001,0.041675176626860364,1317.1156899999999,917.568722
i704-o16,4,disaggregated,2,48,0,20.14881524549066,0.5472574711732116,1.2593009528431662,0.03420359194832572,2981.036819395833,81.68319967022833,2577.9137380833336,87.94013564069455,26.874872087499995,0.41712906469774313,734.0,0.0,16.0,0.0,19.062599936,0.5178278949405258,3206.159791,2899.195899
i704-o16,16,aggregated,2,48,0,65.55799122876792,4.497307349638445,4.097374451797995,0.2810817093524028,2944.1476371041663,176.42186543098936,2464.047457854166,153.08043805047802,32.00667861666666,1.5560951587007905,734.0,0.0,16.0,0.0,5.868614656,0.40244291183643055,4136.70115,3612.885543
i704-o16,16,disaggregated,2,48,0,20.100478231834696,0.5634307175767896,1.2562798894896685,0.03521441984854935,8877.246085833332,262.91892844863764,8476.543388375,266.6468069484658,26.71351316388889,0.24852523332174786,734.0,0.0,16.0,0.0,19.108798464000003,0.5356506967228112,12626.24172,12225.157232
mixed,4,aggregated,2,48,0,98.74933578480068,0.9038553807053883,1.0891470858617724,0.00996899316954475,3295.456726208333,20.242069640903395,392.3061205625,1.3559827591495524,31.630257901323272,0.08404508243384014,307.3333333333333,0.0,90.66666666666667,0.0,22.03374592,0.2017645139261652,4543.440517,943.5066959999999
mixed,4,disaggregated,2,48,0,93.50136834186469,0.4260975751205483,1.0312650920058606,0.00469960560794726,3588.2146398958334,6.433088231549367,718.0467748125,31.23043262354751,31.152027089370076,0.3643168707555325,307.3333333333333,0.0,90.66666666666667,0.0,23.269803008000004,0.10601831858294938,5350.555708,1512.6396519999998
mixed,16,aggregated,2,48,0,221.9494611986966,3.262019579386533,2.447971998515036,0.03597815712558686,4472.082195249999,68.00179717691235,856.3783540416666,5.460960804515307,39.42196202841207,0.3857837257354274,307.3333333333333,0.0,90.66666666666667,0.0,9.80036544,0.14133754428474868,6441.815286999999,2217.865366
mixed,16,disaggregated,2,48,0,171.41787297900873,0.26821778669559687,1.8906383049155375,0.002958284412083604,6124.148144541667,226.5608022541872,2762.8901184791666,184.86314590725777,37.21137659629265,0.6596225862047999,307.3333333333333,0.0,90.66666666666667,0.0,12.691148160000001,0.019662863332563934,8924.99151,6200.0643979999995
