budget,workload,concurrency,actual_input_tokens_avg,actual_output_tokens_avg,a_requests,d_requests,a_output_tok_s,d_output_tok_s,d_over_a_throughput,d_throughput_change_pct,a_ttft_ms,d_ttft_ms,a_latency_ms,d_latency_ms,a_latency_p95_ms,d_latency_p95_ms,a_itl_ms,d_itl_ms
32,i64-o16,4.0,94.0,16.0,48.0,48.0,102.2877352624196,87.23411772759748,0.8528306693250954,-14.716933067490457,161.70356262500002,270.3593332083333,599.57418475,701.1145927083332,640.779059,864.930382,29.19137480833333,28.717017300000002
32,i64-o16,16.0,94.0,16.0,48.0,48.0,226.61932137546762,120.64406396105414,0.5323644216600956,-46.76355783399045,356.5303503125,1145.1105163124998,889.6501633333332,1606.3869472916667,1160.814473,2308.182669,35.54132086805555,30.751762065277777
32,i64-o128,4.0,94.0,128.0,48.0,48.0,117.62866154871877,112.63625505727356,0.9575579078626387,-4.244209213736127,166.54110649999998,266.82698666666664,4229.328472458333,4341.934173395833,4424.033641,4748.837334,31.990451700459317,32.08745816322178
32,i64-o128,16.0,94.0,128.0,48.0,48.0,291.4790418215431,267.0227800558636,0.9160959854511505,-8.390401454884955,350.56662235416667,813.6361278958333,5347.992868479167,6077.645254375,6020.348792,7497.874589,39.34981296161417,41.44889075967848
32,i704-o16,4.0,734.0,16.0,48.0,48.0,49.92101927686963,20.14881524549066,0.4036138591991129,-59.6386140800887,819.4192139166666,2577.9137380833336,1247.7099482708334,2981.036819395833,1317.1156899999999,3206.159791,28.552715623611107,26.874872087499995
32,i704-o16,16.0,734.0,16.0,48.0,48.0,65.55799122876792,20.100478231834696,0.30660607280801305,-69.33939271919868,2464.047457854166,8476.543388375,2944.1476371041663,8877.246085833332,4136.70115,12626.24172,32.00667861666666,26.71351316388889
32,i704-o128,4.0,734.0,128.0,48.0,48.0,99.94761179979517,91.96047106847183,0.9200867275616114,-7.991327243838864,833.2542401458333,1280.962035375,4954.5660235625,5355.685796,5226.501701,6520.409898999999,32.4512738851706,32.084439060039365
32,i704-o128,16.0,734.0,128.0,48.0,48.0,233.38020895012727,128.4433706262003,0.5503610233447358,-44.96389766552642,1950.0921511458332,7701.259002625,7097.592499958333,12073.995145604165,9340.433097,17096.043401,40.531498809547244,34.430993251804466
32,mixed,4.0,307.3333333333333,90.66666666666667,48.0,48.0,98.74933578480068,93.50136834186469,0.9468556684333289,-5.314433156667109,392.3061205625,718.0467748125,3295.456726208333,3588.2146398958334,4543.440517,5350.555708,31.630257901323272,31.152027089370076
32,mixed,16.0,307.3333333333333,90.66666666666667,48.0,48.0,221.9494611986966,171.41787297900873,0.772328403291548,-22.767159670845206,856.3783540416666,2762.8901184791666,4472.082195249999,6124.148144541667,6441.815286999999,8924.99151,39.42196202841207,37.21137659629265
256,i64-o16,4.0,94.0,16.0,48.0,48.0,118.21429168327651,97.37813666349382,0.823742504200697,-17.625749579930307,95.26454627083334,187.3820995625,530.0892890416667,629.6105892291666,563.051797,679.344672,28.988316184722223,29.48189931111111
256,i64-o16,16.0,94.0,16.0,48.0,48.0,276.35630315387033,207.06357235739168,0.7492630708773895,-25.07369291226105,169.74452520833333,410.79801214583335,704.7139845208333,998.3854837916667,816.4176289999999,1381.837388,35.664630620833336,39.17249810972221
256,i64-o128,4.0,94.0,128.0,48.0,48.0,120.31433621007818,112.66348004294447,0.9364094387407439,-6.35905612592561,95.70047729166666,174.15150072916668,4189.559100479167,4355.527871124999,4341.115685,4642.96896,32.23510726919291,32.92422338894357
256,i64-o128,16.0,94.0,128.0,48.0,48.0,301.3745646118359,276.6413288219519,0.9179319070216164,-8.206809297838358,170.12819943749997,421.2608333333333,5195.108753312499,5805.440535104167,5769.445296,6847.584707999999,39.566776014763775,42.39511576197506
256,i704-o16,4.0,734.0,16.0,48.0,48.0,102.1860542041749,72.44832618212452,0.7089844768579447,-29.101552314205527,180.01916877083335,400.0081737708333,615.0489049999999,846.2246349583334,669.573414,1047.363556,29.001982415277777,29.747764079166668
256,i704-o16,16.0,734.0,16.0,48.0,48.0,197.2933962518236,92.74128588908309,0.4700678666948837,-52.99321333051164,451.9403482708333,1581.6856256458332,1085.6940244375,2091.3082862708334,1470.8859929999999,2999.482583,42.25024507777778,33.97484404166667
256,i704-o128,4.0,734.0,128.0,48.0,48.0,116.52894226891725,106.48692772133586,0.9138238591026843,-8.617614089731573,177.21107620833334,397.9401237916667,4286.383361583333,4610.3244138958335,4511.593183,4915.3886139999995,32.35568728641732,33.16838023704068
256,i704-o128,16.0,734.0,128.0,48.0,48.0,275.97042534844616,235.12765152429114,0.8520030768783066,-14.799692312169343,465.764988375,1177.7922823541667,5825.756610458333,6976.959568249999,6653.554618,8951.806052,42.204658441601055,45.662734534612866
256,mixed,4.0,307.3333333333333,90.66666666666667,48.0,48.0,112.14663576888258,106.29718193571966,0.9478410226659161,-5.215897733408392,118.53520547916666,240.4038048333333,3026.4666657291664,3214.119840770833,4438.548983,4796.597449,31.589474204068242,32.31198619635826
256,mixed,16.0,307.3333333333333,90.66666666666667,48.0,48.0,288.7608070821034,245.4618762196729,0.8500526047840028,-14.99473952159972,229.63168420833335,648.0976662708333,3939.595178208333,4563.178599208333,5978.906411,6992.1077239999995,40.97954998197726,43.27981333039151
