workload,concurrency,tpot_slo_ms,a_ttft_ms,a_budget,a_output_tok_s,a_min_attainment,d_ttft_ms,d_budget,d_output_tok_s,d_min_attainment
i64-o16,16,25,,,,,,,,
i64-o16,16,30,,,,,,,,
i64-o16,16,35,,,,,1145.1105163124998,32,120.64406396105414,0.9583333333333334
i64-o16,16,40,,,,,1145.1105163124998,32,120.64406396105414,1.0
i64-o16,16,50,169.74452520833333,256,276.35630315387033,1.0,410.79801214583335,256,207.06357235739168,1.0
i64-o16,16,75,169.74452520833333,256,276.35630315387033,1.0,410.79801214583335,256,207.06357235739168,1.0
i64-o128,16,25,,,,,,,,
i64-o128,16,30,,,,,,,,
i64-o128,16,35,,,,,,,,
i64-o128,16,40,,,,,,,,
i64-o128,16,50,170.12819943749997,256,301.3745646118359,1.0,421.2608333333333,256,276.6413288219519,1.0
i64-o128,16,75,170.12819943749997,256,301.3745646118359,1.0,421.2608333333333,256,276.6413288219519,1.0
i704-o16,16,25,,,,,,,,
i704-o16,16,30,,,,,8476.543388375,32,20.100478231834696,1.0
i704-o16,16,35,,,,,8476.543388375,32,20.100478231834696,1.0
i704-o16,16,40,2464.047457854166,32,65.55799122876792,1.0,1581.6856256458332,256,92.74128588908309,0.9583333333333334
i704-o16,16,50,2464.047457854166,32,65.55799122876792,1.0,1581.6856256458332,256,92.74128588908309,1.0
i704-o16,16,75,451.9403482708333,256,197.2933962518236,1.0,1581.6856256458332,256,92.74128588908309,1.0
i704-o128,16,25,,,,,,,,
i704-o128,16,30,,,,,,,,
i704-o128,16,35,,,,,,,,
i704-o128,16,40,,,,,7701.259002625,32,128.4433706262003,1.0
i704-o128,16,50,465.764988375,256,275.97042534844616,1.0,7701.259002625,32,128.4433706262003,1.0
i704-o128,16,75,465.764988375,256,275.97042534844616,1.0,1177.7922823541667,256,235.12765152429114,1.0
mixed,16,25,,,,,,,,
mixed,16,30,,,,,,,,
mixed,16,35,,,,,,,,
mixed,16,40,,,,,,,,
mixed,16,50,229.63168420833335,256,288.7608070821034,1.0,648.0976662708333,256,245.4618762196729,1.0
mixed,16,75,229.63168420833335,256,288.7608070821034,1.0,648.0976662708333,256,245.4618762196729,1.0
