ttft_slo_ms,tpot_slo_ms,workload,concurrency,a_request_goodput,a_request_goodput_std,a_token_goodput,a_token_goodput_std,a_attainment,a_min_repetition_attainment,a_good_requests,a_requests,d_request_goodput,d_request_goodput_std,d_token_goodput,d_token_goodput_std,d_attainment,d_min_repetition_attainment,d_good_requests,d_requests,d_over_a_goodput,d_minus_a_goodput
,25.0,i64-o128,4,0.0,0.0,0.0,0.0,0.0,0.0,0,48,0.0,0.0,0.0,0.0,0.0,0.0,0,48,,0.0
,25.0,i64-o128,16,0.0,0.0,0.0,0.0,0.0,0.0,0,48,0.0,0.0,0.0,0.0,0.0,0.0,0,48,,0.0
,25.0,i64-o16,4,0.3985503830073277,0.18406542005821241,6.376806128117243,2.9450467209313986,0.0625,0.041666666666666664,3,48,0.3396733440061709,0.15603202886024212,5.434773504098734,2.496512461763874,0.0625,0.041666666666666664,3,48,0.8522720300583068,-0.05887703900115682
,25.0,i64-o16,16,0.5901544827486136,0.007283433288575472,9.442471723977818,0.11653493261720756,0.041666666666666664,0.041666666666666664,2,48,0.3141772498985785,0.0035051057493735013,5.026835998377256,0.05608169198997602,0.041666666666666664,0.041666666666666664,2,48,0.5323644216600955,-0.2759772328500351
,25.0,i704-o128,4,0.0,0.0,0.0,0.0,0.0,0.0,0,48,0.0,0.0,0.0,0.0,0.0,0.0,0,48,,0.0
,25.0,i704-o128,16,0.0,0.0,0.0,0.0,0.0,0.0,0,48,0.0,0.0,0.0,0.0,0.0,0.0,0,48,,0.0
,25.0,i704-o16,4,0.5852637854609327,0.09513116867808458,9.364220567374923,1.5220986988493532,0.1875,0.16666666666666666,9,48,0.28808593519723397,0.029264186983095526,4.6093749631557435,0.4682269917295284,0.22916666666666666,0.20833333333333334,11,48,0.49223263484575225,-0.29717785026369875
,25.0,i704-o16,16,0.17900538477285768,0.25315184288358966,2.864086156365723,4.050429486137435,0.041666666666666664,0.0,2,48,0.3140699723724171,0.008803604962137338,5.025119557958674,0.1408576793941974,0.25,0.25,12,48,1.754528070599355,0.13506458759955944
,25.0,mixed,4,0.04538112857757385,0.000415374715397698,0.7260980572411816,0.006645995446363168,0.041666666666666664,0.041666666666666664,2,48,0.021415457687741224,0.0302860307064308,0.3426473230038596,0.4845764913028928,0.020833333333333332,0.0,1,48,0.4719022721335356,-0.023965670889832626
,25.0,mixed,16,0.0,0.0,0.0,0.0,0.0,0.0,0,48,0.0,0.0,0.0,0.0,0.0,0.0,0,48,,0.0
,30.0,i64-o128,4,0.018996517336980386,0.026865132455813293,2.4315542191334893,3.4387369543441015,0.020833333333333332,0.0,1,48,0.07345696758609528,0.05220935978137979,9.402491851020196,6.682798052016613,0.08333333333333333,0.041666666666666664,4,48,3.866864977566026,0.054460450249114896
,30.0,i64-o128,16,0.0,0.0,0.0,0.0,0.0,0.0,0,48,0.0,0.0,0.0,0.0,0.0,0.0,0,48,,0.0
,30.0,i64-o16,4,3.46286603752983,0.03717706448078057,55.40585660047728,0.5948330316924891,0.5416666666666666,0.5416666666666666,26,48,3.8662668003678737,0.6947068543551471,61.86026880588598,11.115309669682354,0.7083333333333334,0.625,34,48,1.1164933204074514,0.4034007628380438
,30.0,i64-o16,16,1.7704634482458408,0.021850299865726494,28.327415171933453,0.3496047978516239,0.125,0.125,6,48,2.350133164128944,1.0844960263688257,37.6021306260631,17.35193642190121,0.3125,0.20833333333333334,15,48,1.3274112868342098,0.579669715883103
,30.0,i704-o128,4,0.0,0.0,0.0,0.0,0.0,0.0,0,48,0.02996356727098872,0.04237488321171084,3.8353366106865563,5.423985051098987,0.041666666666666664,0.0,2,48,,0.02996356727098872
,30.0,i704-o128,16,0.0,0.0,0.0,0.0,0.0,0.0,0,48,0.0,0.0,0.0,0.0,0.0,0.0,0,48,,0.0
,30.0,i704-o16,4,1.7542803115220975,0.26616104481604114,28.06848498435356,4.258576717056658,0.5625,0.5,27,48,1.2325616498296088,0.003611493021851272,19.72098639727374,0.05778388834962035,0.9791666666666666,0.9583333333333334,47,48,0.7026024528315998,-0.5217186616924887
,30.0,i704-o16,16,1.3011331393900598,0.6914382966573914,20.818130230240957,11.063012746518263,0.3125,0.20833333333333334,15,48,1.2562798894896685,0.03521441984854935,20.100478231834696,0.5634307175767896,1.0,1.0,48,48,0.9655275478407863,-0.0448532499003913
,30.0,mixed,4,0.20406822146008674,0.030220117535811435,3.265091543361388,0.48352188057298295,0.1875,0.16666666666666666,9,48,0.2790932672311113,0.08987900761763672,9.278062705058463,1.4161326290451004,0.2708333333333333,0.20833333333333334,13,48,1.3676468841362373,0.07502504577102453
,30.0,mixed,16,0.05046940832576956,0.07137452173924891,0.8075105332123129,1.1419923478279825,0.020833333333333332,0.0,1,48,0.0787765960381474,0.00012326185050348022,1.2604255366103585,0.0019721896080556836,0.041666666666666664,0.041666666666666664,2,48,1.560878136903465,0.02830718771237785
,35.0,i64-o128,4,0.9189739183493654,0.010099020917779925,117.62866154871877,1.2926746774758304,1.0,1.0,48,48,0.8617010550133128,0.030116278028460966,110.29773504170404,3.8548835876430037,0.9791666666666666,0.9583333333333334,47,48,0.937677378876079,-0.057272863336052526
,35.0,i64-o128,16,0.5221233707577478,0.0712863235077862,66.83179145699172,9.124649408996634,0.22916666666666666,0.20833333333333334,11,48,0.0869214778827681,0.00028729020705559104,11.125949168994318,0.03677314650311565,0.041666666666666664,0.041666666666666664,2,48,0.16647689559772166,-0.43520189287497973
,35.0,i64-o16,4,6.392983453901225,0.06863458057990235,102.2877352624196,1.0981532892784376,1.0,1.0,48,48,5.452132357974842,0.07364737973653392,87.23411772759748,1.1783580757845427,1.0,1.0,48,48,0.8528306693250954,-0.9408510959263827
,35.0,i64-o16,16,5.614192833714837,1.3210993263390196,89.82708533943739,21.137589221424314,0.3958333333333333,0.3333333333333333,19,48,7.381926130594516,0.1397868787875483,118.11081808951225,2.236590060600773,0.9791666666666666,0.9583333333333334,47,48,1.3148686461683208,1.7677332968796788
,35.0,i704-o128,4,0.7645360247938118,0.02053462807046158,97.86061117360791,2.6284323930190823,0.9791666666666666,0.9583333333333334,47,48,0.7184411802224362,0.0009679362431578787,91.96047106847183,0.12389583912420847,1.0,1.0,48,48,0.9397087343479897,-0.04609484457137558
,35.0,i704-o128,16,0.11412053846717712,0.0544205430092854,14.607428923798672,6.965829505188531,0.0625,0.041666666666666664,3,48,0.6252898792874846,0.22657491785712794,80.03710454879803,29.001589485712376,0.625,0.4583333333333333,30,48,5.479205475947941,0.5111693408203075
,35.0,i704-o16,4,3.120063704804352,0.017095521082855433,49.92101927686963,0.27352833732568693,1.0,1.0,48,48,1.2593009528431662,0.03420359194832572,20.14881524549066,0.5472574711732116,1.0,1.0,48,48,0.4036138591991129,-1.8607627519611856
,35.0,i704-o16,16,3.0978751866923195,0.9351315969960207,49.56600298707711,14.96210555193633,0.75,0.625,36,48,1.2562798894896685,0.03521441984854935,20.100478231834696,0.5634307175767896,1.0,1.0,48,48,0.40552953678906306,-1.841595297202651
,35.0,mixed,4,1.0891470858617724,0.00996899316954475,98.74933578480069,0.9038553807053983,1.0,1.0,48,48,1.0312650920058606,0.00469960560794726,93.50136834186469,0.42609757512055835,1.0,1.0,48,48,0.9468556684333287,-0.05788199385591186
,35.0,mixed,16,0.20399766654291968,0.0029981797604655648,14.687831991090217,0.21586894275352175,0.08333333333333333,0.08333333333333333,4,48,0.31493206557188436,0.22232081362745543,27.08171717905218,22.238984026373736,0.16666666666666666,0.08333333333333333,8,48,1.5438022939621463,0.11093439902896468
,40.0,i64-o128,4,0.9189739183493654,0.010099020917779925,117.62866154871877,1.2926746774758304,1.0,1.0,48,48,0.8799707426349497,0.004279038013622461,112.63625505727356,0.5477168657436751,1.0,1.0,48,48,0.9575579078626387,-0.039003175714415694
,40.0,i64-o128,16,0.8534032703435086,0.1273207782062106,109.2356186039691,16.297059610394957,0.375,0.3333333333333333,18,48,0.6953718230621448,0.0022983216564447283,89.00759335195454,0.2941851720249252,0.3333333333333333,0.3333333333333333,16,48,0.8148220744247282,-0.15803144728136376
,40.0,i64-o16,4,6.392983453901225,0.06863458057990235,102.2877352624196,1.0981532892784376,1.0,1.0,48,48,5.452132357974842,0.07364737973653392,87.23411772759748,1.1783580757845427,1.0,1.0,48,48,0.8528306693250954,-0.9408510959263827
,40.0,i64-o16,16,12.696046626698198,1.4085005258019256,203.13674602717117,22.53600841283081,0.8958333333333334,0.8333333333333334,43,48,7.540253997565884,0.0841225379849634,120.64406396105414,1.3459606077594144,1.0,1.0,48,48,0.5939056636504212,-5.155792629132314
,40.0,i704-o128,4,0.7808407171858998,0.0025236890407505886,99.94761179979517,0.32303219721607535,1.0,1.0,48,48,0.7184411802224362,0.0009679362431578787,91.96047106847183,0.12389583912420847,1.0,1.0,48,48,0.9200867275616114,-0.062399536963463564
,40.0,i704-o128,16,0.6077609608076231,0.003741631564507623,77.79340298337576,0.47892884025697574,0.3333333333333333,0.3333333333333333,16,48,1.0034638330171899,0.015910041296275407,128.4433706262003,2.036485285923252,1.0,1.0,48,48,1.6510830700342074,0.3957028722095668
,40.0,i704-o16,4,3.120063704804352,0.017095521082855433,49.92101927686963,0.27352833732568693,1.0,1.0,48,48,1.2593009528431662,0.03420359194832572,20.14881524549066,0.5472574711732116,1.0,1.0,48,48,0.4036138591991129,-1.8607627519611856
,40.0,i704-o16,16,4.097374451797995,0.2810817093524028,65.55799122876792,4.497307349638445,1.0,1.0,48,48,1.2562798894896685,0.03521441984854935,20.100478231834696,0.5634307175767896,1.0,1.0,48,48,0.30660607280801305,-2.841094562308326
,40.0,mixed,4,1.0891470858617724,0.00996899316954475,98.74933578480069,0.9038553807053983,1.0,1.0,48,48,1.0312650920058606,0.00469960560794726,93.50136834186469,0.42609757512055835,1.0,1.0,48,48,0.9468556684333287,-0.05788199385591186
,40.0,mixed,16,1.4290436824203585,0.16523539168198945,102.83178420355026,3.8190527330143325,0.5833333333333334,0.5416666666666666,28,48,1.536100043098698,0.05329985917254942,139.27632452112178,0.6733284924277259,0.8125,0.7916666666666666,39,48,1.0749146873502278,0.10705636067833946
,50.0,i64-o128,4,0.9189739183493654,0.010099020917779925,117.62866154871877,1.2926746774758304,1.0,1.0,48,48,0.8799707426349497,0.004279038013622461,112.63625505727356,0.5477168657436751,1.0,1.0,48,48,0.9575579078626387,-0.039003175714415694
,50.0,i64-o128,16,2.2771800142308054,0.018302242571233952,291.4790418215431,2.342687049117946,1.0,1.0,48,48,2.0861154691864345,0.006894964969334106,267.0227800558636,0.8825555160747656,1.0,1.0,48,48,0.9160959854511505,-0.19106454504437087
,50.0,i64-o16,4,6.392983453901225,0.06863458057990235,102.2877352624196,1.0981532892784376,1.0,1.0,48,48,5.452132357974842,0.07364737973653392,87.23411772759748,1.1783580757845427,1.0,1.0,48,48,0.8528306693250954,-0.9408510959263827
,50.0,i64-o16,16,14.163707585966726,0.17480239892581195,226.61932137546762,2.7968383828129912,1.0,1.0,48,48,7.540253997565884,0.0841225379849634,120.64406396105414,1.3459606077594144,1.0,1.0,48,48,0.5323644216600956,-6.623453588400842
,50.0,i704-o128,4,0.7808407171858998,0.0025236890407505886,99.94761179979517,0.32303219721607535,1.0,1.0,48,48,0.7184411802224362,0.0009679362431578787,91.96047106847183,0.12389583912420847,1.0,1.0,48,48,0.9200867275616114,-0.062399536963463564
,50.0,i704-o128,16,1.8232828824228693,0.01122489469352279,233.38020895012727,1.4367865207709172,1.0,1.0,48,48,1.0034638330171899,0.015910041296275407,128.4433706262003,2.036485285923252,1.0,1.0,48,48,0.5503610233447358,-0.8198190494056794
,50.0,i704-o16,4,3.120063704804352,0.017095521082855433,49.92101927686963,0.27352833732568693,1.0,1.0,48,48,1.2593009528431662,0.03420359194832572,20.14881524549066,0.5472574711732116,1.0,1.0,48,48,0.4036138591991129,-1.8607627519611856
,50.0,i704-o16,16,4.097374451797995,0.2810817093524028,65.55799122876792,4.497307349638445,1.0,1.0,48,48,1.2562798894896685,0.03521441984854935,20.100478231834696,0.5634307175767896,1.0,1.0,48,48,0.30660607280801305,-2.841094562308326
,50.0,mixed,4,1.0891470858617724,0.00996899316954475,98.74933578480069,0.9038553807053983,1.0,1.0,48,48,1.0312650920058606,0.00469960560794726,93.50136834186469,0.42609757512055835,1.0,1.0,48,48,0.9468556684333287,-0.05788199385591186
,50.0,mixed,16,2.447971998515036,0.03597815712558686,221.9494611986966,3.262019579386533,1.0,1.0,48,48,1.8906383049155375,0.002958284412083604,171.41787297900873,0.26821778669559687,1.0,1.0,48,48,0.7723284032915481,-0.5573336935994984
,75.0,i64-o128,4,0.9189739183493654,0.010099020917779925,117.62866154871877,1.2926746774758304,1.0,1.0,48,48,0.8799707426349497,0.004279038013622461,112.63625505727356,0.5477168657436751,1.0,1.0,48,48,0.9575579078626387,-0.039003175714415694
,75.0,i64-o128,16,2.2771800142308054,0.018302242571233952,291.4790418215431,2.342687049117946,1.0,1.0,48,48,2.0861154691864345,0.006894964969334106,267.0227800558636,0.8825555160747656,1.0,1.0,48,48,0.9160959854511505,-0.19106454504437087
,75.0,i64-o16,4,6.392983453901225,0.06863458057990235,102.2877352624196,1.0981532892784376,1.0,1.0,48,48,5.452132357974842,0.07364737973653392,87.23411772759748,1.1783580757845427,1.0,1.0,48,48,0.8528306693250954,-0.9408510959263827
,75.0,i64-o16,16,14.163707585966726,0.17480239892581195,226.61932137546762,2.7968383828129912,1.0,1.0,48,48,7.540253997565884,0.0841225379849634,120.64406396105414,1.3459606077594144,1.0,1.0,48,48,0.5323644216600956,-6.623453588400842
,75.0,i704-o128,4,0.7808407171858998,0.0025236890407505886,99.94761179979517,0.32303219721607535,1.0,1.0,48,48,0.7184411802224362,0.0009679362431578787,91.96047106847183,0.12389583912420847,1.0,1.0,48,48,0.9200867275616114,-0.062399536963463564
,75.0,i704-o128,16,1.8232828824228693,0.01122489469352279,233.38020895012727,1.4367865207709172,1.0,1.0,48,48,1.0034638330171899,0.015910041296275407,128.4433706262003,2.036485285923252,1.0,1.0,48,48,0.5503610233447358,-0.8198190494056794
,75.0,i704-o16,4,3.120063704804352,0.017095521082855433,49.92101927686963,0.27352833732568693,1.0,1.0,48,48,1.2593009528431662,0.03420359194832572,20.14881524549066,0.5472574711732116,1.0,1.0,48,48,0.4036138591991129,-1.8607627519611856
,75.0,i704-o16,16,4.097374451797995,0.2810817093524028,65.55799122876792,4.497307349638445,1.0,1.0,48,48,1.2562798894896685,0.03521441984854935,20.100478231834696,0.5634307175767896,1.0,1.0,48,48,0.30660607280801305,-2.841094562308326
,75.0,mixed,4,1.0891470858617724,0.00996899316954475,98.74933578480069,0.9038553807053983,1.0,1.0,48,48,1.0312650920058606,0.00469960560794726,93.50136834186469,0.42609757512055835,1.0,1.0,48,48,0.9468556684333287,-0.05788199385591186
,75.0,mixed,16,2.447971998515036,0.03597815712558686,221.9494611986966,3.262019579386533,1.0,1.0,48,48,1.8906383049155375,0.002958284412083604,171.41787297900873,0.26821778669559687,1.0,1.0,48,48,0.7723284032915481,-0.5573336935994984
