repetition,workload,concurrency,mode,exported_benchmark_duration_seconds,ttft_slo_ms,tpot_slo_ms,requests,good_requests,ttft_pass,tpot_pass,good_output_tokens,attainment,duration_seconds,request_goodput,token_goodput,request_throughput,token_throughput
1,i64-o128,16,aggregated,10.096391424,100,,24,3,3,24,384,0.125,10.1004783,0.2970156373683808,38.018001583152746,2.3761250989470466,304.14401266522196
1,i64-o128,16,aggregated,10.096391424,250,,24,23,23,24,2944,0.9583333333333334,10.1004783,2.2771198864909197,291.4713454708377,2.3761250989470466,304.14401266522196
1,i64-o128,16,aggregated,10.096391424,500,,24,24,24,24,3072,1.0,10.1004783,2.3761250989470466,304.14401266522196,2.3761250989470466,304.14401266522196
1,i64-o128,16,aggregated,10.096391424,1000,,24,24,24,24,3072,1.0,10.1004783,2.3761250989470466,304.14401266522196,2.3761250989470466,304.14401266522196
1,i64-o128,16,aggregated,10.096391424,2000,,24,24,24,24,3072,1.0,10.1004783,2.3761250989470466,304.14401266522196,2.3761250989470466,304.14401266522196
1,i64-o128,16,aggregated,10.096391424,5000,,24,24,24,24,3072,1.0,10.1004783,2.3761250989470466,304.14401266522196,2.3761250989470466,304.14401266522196
1,i64-o128,16,aggregated,10.096391424,10000,,24,24,24,24,3072,1.0,10.1004783,2.3761250989470466,304.14401266522196,2.3761250989470466,304.14401266522196
1,i64-o128,16,aggregated,10.096391424,20000,,24,24,24,24,3072,1.0,10.1004783,2.3761250989470466,304.14401266522196,2.3761250989470466,304.14401266522196
1,i64-o128,4,aggregated,25.447920384000003,100,,24,14,14,24,1792,0.5833333333333334,25.450891553,0.5500789617073262,70.41010709853775,0.9429925057839877,120.70304074035043
1,i64-o128,4,aggregated,25.447920384000003,250,,24,24,24,24,3072,1.0,25.450891553,0.9429925057839877,120.70304074035043,0.9429925057839877,120.70304074035043
1,i64-o128,4,aggregated,25.447920384000003,500,,24,24,24,24,3072,1.0,25.450891553,0.9429925057839877,120.70304074035043,0.9429925057839877,120.70304074035043
1,i64-o128,4,aggregated,25.447920384000003,1000,,24,24,24,24,3072,1.0,25.450891553,0.9429925057839877,120.70304074035043,0.9429925057839877,120.70304074035043
1,i64-o128,4,aggregated,25.447920384000003,2000,,24,24,24,24,3072,1.0,25.450891553,0.9429925057839877,120.70304074035043,0.9429925057839877,120.70304074035043
1,i64-o128,4,aggregated,25.447920384000003,5000,,24,24,24,24,3072,1.0,25.450891553,0.9429925057839877,120.70304074035043,0.9429925057839877,120.70304074035043
1,i64-o128,4,aggregated,25.447920384000003,10000,,24,24,24,24,3072,1.0,25.450891553,0.9429925057839877,120.70304074035043,0.9429925057839877,120.70304074035043
1,i64-o128,4,aggregated,25.447920384000003,20000,,24,24,24,24,3072,1.0,25.450891553,0.9429925057839877,120.70304074035043,0.9429925057839877,120.70304074035043
1,i64-o16,16,aggregated,1.3692249600000002,100,,24,1,1,24,16,0.041666666666666664,1.372377427,0.7286625241177186,11.658600385883497,17.487900578825244,279.8064092612039
1,i64-o16,16,aggregated,1.3692249600000002,250,,24,21,21,24,336,0.875,1.372377427,15.30191300647209,244.83060810355343,17.487900578825244,279.8064092612039
1,i64-o16,16,aggregated,1.3692249600000002,500,,24,24,24,24,384,1.0,1.372377427,17.487900578825244,279.8064092612039,17.487900578825244,279.8064092612039
1,i64-o16,16,aggregated,1.3692249600000002,1000,,24,24,24,24,384,1.0,1.372377427,17.487900578825244,279.8064092612039,17.487900578825244,279.8064092612039
1,i64-o16,16,aggregated,1.3692249600000002,2000,,24,24,24,24,384,1.0,1.372377427,17.487900578825244,279.8064092612039,17.487900578825244,279.8064092612039
1,i64-o16,16,aggregated,1.3692249600000002,5000,,24,24,24,24,384,1.0,1.372377427,17.487900578825244,279.8064092612039,17.487900578825244,279.8064092612039
1,i64-o16,16,aggregated,1.3692249600000002,10000,,24,24,24,24,384,1.0,1.372377427,17.487900578825244,279.8064092612039,17.487900578825244,279.8064092612039
1,i64-o16,16,aggregated,1.3692249600000002,20000,,24,24,24,24,384,1.0,1.372377427,17.487900578825244,279.8064092612039,17.487900578825244,279.8064092612039
1,i64-o16,4,aggregated,3.2005616640000003,100,,24,15,15,24,240,0.625,3.2030662270000003,4.683012756201746,74.92820409922794,7.492820409922794,119.88512655876471
1,i64-o16,4,aggregated,3.2005616640000003,250,,24,24,24,24,384,1.0,3.2030662270000003,7.492820409922794,119.88512655876471,7.492820409922794,119.88512655876471
1,i64-o16,4,aggregated,3.2005616640000003,500,,24,24,24,24,384,1.0,3.2030662270000003,7.492820409922794,119.88512655876471,7.492820409922794,119.88512655876471
1,i64-o16,4,aggregated,3.2005616640000003,1000,,24,24,24,24,384,1.0,3.2030662270000003,7.492820409922794,119.88512655876471,7.492820409922794,119.88512655876471
1,i64-o16,4,aggregated,3.2005616640000003,2000,,24,24,24,24,384,1.0,3.2030662270000003,7.492820409922794,119.88512655876471,7.492820409922794,119.88512655876471
1,i64-o16,4,aggregated,3.2005616640000003,5000,,24,24,24,24,384,1.0,3.2030662270000003,7.492820409922794,119.88512655876471,7.492820409922794,119.88512655876471
1,i64-o16,4,aggregated,3.2005616640000003,10000,,24,24,24,24,384,1.0,3.2030662270000003,7.492820409922794,119.88512655876471,7.492820409922794,119.88512655876471
1,i64-o16,4,aggregated,3.2005616640000003,20000,,24,24,24,24,384,1.0,3.2030662270000003,7.492820409922794,119.88512655876471,7.492820409922794,119.88512655876471
1,i704-o128,16,aggregated,11.167372288000001,100,,24,0,0,24,0,0.0,11.170532302000002,0.0,0.0,2.148509968115215,275.0092759187475
1,i704-o128,16,aggregated,11.167372288000001,250,,24,3,3,24,384,0.125,11.170532302000002,0.26856374601440186,34.37615948984344,2.148509968115215,275.0092759187475
1,i704-o128,16,aggregated,11.167372288000001,500,,24,14,14,24,1792,0.5833333333333334,11.170532302000002,1.253297481400542,160.42207761926937,2.148509968115215,275.0092759187475
1,i704-o128,16,aggregated,11.167372288000001,1000,,24,24,24,24,3072,1.0,11.170532302000002,2.148509968115215,275.0092759187475,2.148509968115215,275.0092759187475
1,i704-o128,16,aggregated,11.167372288000001,2000,,24,24,24,24,3072,1.0,11.170532302000002,2.148509968115215,275.0092759187475,2.148509968115215,275.0092759187475
1,i704-o128,16,aggregated,11.167372288000001,5000,,24,24,24,24,3072,1.0,11.170532302000002,2.148509968115215,275.0092759187475,2.148509968115215,275.0092759187475
1,i704-o128,16,aggregated,11.167372288000001,10000,,24,24,24,24,3072,1.0,11.170532302000002,2.148509968115215,275.0092759187475,2.148509968115215,275.0092759187475
1,i704-o128,16,aggregated,11.167372288000001,20000,,24,24,24,24,3072,1.0,11.170532302000002,2.148509968115215,275.0092759187475,2.148509968115215,275.0092759187475
1,i704-o128,4,aggregated,26.084202496000003,100,,24,0,0,24,0,0.0,26.087252945000003,0.0,0.0,0.9199895462584513,117.75866192108177
1,i704-o128,4,aggregated,26.084202496000003,250,,24,22,22,24,2816,0.9166666666666666,26.087252945000003,0.8433237507369137,107.94544009432495,0.9199895462584513,117.75866192108177
1,i704-o128,4,aggregated,26.084202496000003,500,,24,24,24,24,3072,1.0,26.087252945000003,0.9199895462584513,117.75866192108177,0.9199895462584513,117.75866192108177
1,i704-o128,4,aggregated,26.084202496000003,1000,,24,24,24,24,3072,1.0,26.087252945000003,0.9199895462584513,117.75866192108177,0.9199895462584513,117.75866192108177
1,i704-o128,4,aggregated,26.084202496000003,2000,,24,24,24,24,3072,1.0,26.087252945000003,0.9199895462584513,117.75866192108177,0.9199895462584513,117.75866192108177
1,i704-o128,4,aggregated,26.084202496000003,5000,,24,24,24,24,3072,1.0,26.087252945000003,0.9199895462584513,117.75866192108177,0.9199895462584513,117.75866192108177
1,i704-o128,4,aggregated,26.084202496000003,10000,,24,24,24,24,3072,1.0,26.087252945000003,0.9199895462584513,117.75866192108177,0.9199895462584513,117.75866192108177
1,i704-o128,4,aggregated,26.084202496000003,20000,,24,24,24,24,3072,1.0,26.087252945000003,0.9199895462584513,117.75866192108177,0.9199895462584513,117.75866192108177
1,i704-o16,16,aggregated,1.9344683520000001,100,,24,0,0,24,0,0.0,1.937126047,0.0,0.0,12.389488044502041,198.23180871203266
1,i704-o16,16,aggregated,1.9344683520000001,250,,24,3,3,24,48,0.125,1.937126047,1.5486860055627552,24.778976089004082,12.389488044502041,198.23180871203266
1,i704-o16,16,aggregated,1.9344683520000001,500,,24,15,15,24,240,0.625,1.937126047,7.743430027813776,123.89488044502042,12.389488044502041,198.23180871203266
1,i704-o16,16,aggregated,1.9344683520000001,1000,,24,24,24,24,384,1.0,1.937126047,12.389488044502041,198.23180871203266,12.389488044502041,198.23180871203266
1,i704-o16,16,aggregated,1.9344683520000001,2000,,24,24,24,24,384,1.0,1.937126047,12.389488044502041,198.23180871203266,12.389488044502041,198.23180871203266
1,i704-o16,16,aggregated,1.9344683520000001,5000,,24,24,24,24,384,1.0,1.937126047,12.389488044502041,198.23180871203266,12.389488044502041,198.23180871203266
1,i704-o16,16,aggregated,1.9344683520000001,10000,,24,24,24,24,384,1.0,1.937126047,12.389488044502041,198.23180871203266,12.389488044502041,198.23180871203266
1,i704-o16,16,aggregated,1.9344683520000001,20000,,24,24,24,24,384,1.0,1.937126047,12.389488044502041,198.23180871203266,12.389488044502041,198.23180871203266
1,i704-o16,4,aggregated,3.741774592,100,,24,0,0,24,0,0.0,3.7443579970000003,0.0,0.0,6.409643527469576,102.55429643951322
1,i704-o16,4,aggregated,3.741774592,250,,24,21,21,24,336,0.875,3.7443579970000003,5.608438086535879,89.73500938457407,6.409643527469576,102.55429643951322
1,i704-o16,4,aggregated,3.741774592,500,,24,24,24,24,384,1.0,3.7443579970000003,6.409643527469576,102.55429643951322,6.409643527469576,102.55429643951322
1,i704-o16,4,aggregated,3.741774592,1000,,24,24,24,24,384,1.0,3.7443579970000003,6.409643527469576,102.55429643951322,6.409643527469576,102.55429643951322
1,i704-o16,4,aggregated,3.741774592,2000,,24,24,24,24,384,1.0,3.7443579970000003,6.409643527469576,102.55429643951322,6.409643527469576,102.55429643951322
1,i704-o16,4,aggregated,3.741774592,5000,,24,24,24,24,384,1.0,3.7443579970000003,6.409643527469576,102.55429643951322,6.409643527469576,102.55429643951322
1,i704-o16,4,aggregated,3.741774592,10000,,24,24,24,24,384,1.0,3.7443579970000003,6.409643527469576,102.55429643951322,6.409643527469576,102.55429643951322
1,i704-o16,4,aggregated,3.741774592,20000,,24,24,24,24,384,1.0,3.7443579970000003,6.409643527469576,102.55429643951322,6.409643527469576,102.55429643951322
1,mixed,16,aggregated,7.402138880000001,100,,24,3,3,24,384,0.125,7.408227480000001,0.4049551674943977,51.834261439282905,3.2396413399551816,293.7274814892698
1,mixed,16,aggregated,7.402138880000001,250,,24,15,15,24,1696,0.625,7.408227480000001,2.0247758374719886,228.93465469016616,3.2396413399551816,293.7274814892698
1,mixed,16,aggregated,7.402138880000001,500,,24,24,24,24,2176,1.0,7.408227480000001,3.2396413399551816,293.7274814892698,3.2396413399551816,293.7274814892698
1,mixed,16,aggregated,7.402138880000001,1000,,24,24,24,24,2176,1.0,7.408227480000001,3.2396413399551816,293.7274814892698,3.2396413399551816,293.7274814892698
1,mixed,16,aggregated,7.402138880000001,2000,,24,24,24,24,2176,1.0,7.408227480000001,3.2396413399551816,293.7274814892698,3.2396413399551816,293.7274814892698
1,mixed,16,aggregated,7.402138880000001,5000,,24,24,24,24,2176,1.0,7.408227480000001,3.2396413399551816,293.7274814892698,3.2396413399551816,293.7274814892698
1,mixed,16,aggregated,7.402138880000001,10000,,24,24,24,24,2176,1.0,7.408227480000001,3.2396413399551816,293.7274814892698,3.2396413399551816,293.7274814892698
1,mixed,16,aggregated,7.402138880000001,20000,,24,24,24,24,2176,1.0,7.408227480000001,3.2396413399551816,293.7274814892698,3.2396413399551816,293.7274814892698
1,mixed,4,aggregated,19.088781056000002,100,,24,9,9,24,1152,0.375,19.091509474000002,0.4714137461082769,60.340959501859444,1.257103322955405,113.97736794795672
1,mixed,4,aggregated,19.088781056000002,250,,24,23,23,24,2160,0.9583333333333334,19.091509474000002,1.2047240178322631,113.13929906598645,1.257103322955405,113.97736794795672
1,mixed,4,aggregated,19.088781056000002,500,,24,24,24,24,2176,1.0,19.091509474000002,1.257103322955405,113.97736794795672,1.257103322955405,113.97736794795672
1,mixed,4,aggregated,19.088781056000002,1000,,24,24,24,24,2176,1.0,19.091509474000002,1.257103322955405,113.97736794795672,1.257103322955405,113.97736794795672
1,mixed,4,aggregated,19.088781056000002,2000,,24,24,24,24,2176,1.0,19.091509474000002,1.257103322955405,113.97736794795672,1.257103322955405,113.97736794795672
1,mixed,4,aggregated,19.088781056000002,5000,,24,24,24,24,2176,1.0,19.091509474000002,1.257103322955405,113.97736794795672,1.257103322955405,113.97736794795672
1,mixed,4,aggregated,19.088781056000002,10000,,24,24,24,24,2176,1.0,19.091509474000002,1.257103322955405,113.97736794795672,1.257103322955405,113.97736794795672
1,mixed,4,aggregated,19.088781056000002,20000,,24,24,24,24,2176,1.0,19.091509474000002,1.257103322955405,113.97736794795672,1.257103322955405,113.97736794795672
1,i64-o128,16,disaggregated,11.155193856,100,,24,0,0,24,0,0.0,11.158058971,0.0,0.0,2.1509117367435,275.316702303168
1,i64-o128,16,disaggregated,11.155193856,250,,24,8,8,24,1024,0.3333333333333333,11.158058971,0.7169705789144999,91.77223410105599,2.1509117367435,275.316702303168
1,i64-o128,16,disaggregated,11.155193856,500,,24,14,14,24,1792,0.5833333333333334,11.158058971,1.254698513100375,160.601409676848,2.1509117367435,275.316702303168
1,i64-o128,16,disaggregated,11.155193856,1000,,24,24,24,24,3072,1.0,11.158058971,2.1509117367435,275.316702303168,2.1509117367435,275.316702303168
1,i64-o128,16,disaggregated,11.155193856,2000,,24,24,24,24,3072,1.0,11.158058971,2.1509117367435,275.316702303168,2.1509117367435,275.316702303168
1,i64-o128,16,disaggregated,11.155193856,5000,,24,24,24,24,3072,1.0,11.158058971,2.1509117367435,275.316702303168,2.1509117367435,275.316702303168
1,i64-o128,16,disaggregated,11.155193856,10000,,24,24,24,24,3072,1.0,11.158058971,2.1509117367435,275.316702303168,2.1509117367435,275.316702303168
1,i64-o128,16,disaggregated,11.155193856,20000,,24,24,24,24,3072,1.0,11.158058971,2.1509117367435,275.316702303168,2.1509117367435,275.316702303168
1,i64-o128,4,disaggregated,27.503908352000003,100,,24,0,0,24,0,0.0,27.506713695000002,0.0,0.0,0.8725142620131524,111.68182553768351
1,i64-o128,4,disaggregated,27.503908352000003,250,,24,21,21,24,2688,0.875,27.506713695000002,0.7634499792615084,97.72159734547307,0.8725142620131524,111.68182553768351
1,i64-o128,4,disaggregated,27.503908352000003,500,,24,24,24,24,3072,1.0,27.506713695000002,0.8725142620131524,111.68182553768351,0.8725142620131524,111.68182553768351
1,i64-o128,4,disaggregated,27.503908352000003,1000,,24,24,24,24,3072,1.0,27.506713695000002,0.8725142620131524,111.68182553768351,0.8725142620131524,111.68182553768351
1,i64-o128,4,disaggregated,27.503908352000003,2000,,24,24,24,24,3072,1.0,27.506713695000002,0.8725142620131524,111.68182553768351,0.8725142620131524,111.68182553768351
1,i64-o128,4,disaggregated,27.503908352000003,5000,,24,24,24,24,3072,1.0,27.506713695000002,0.8725142620131524,111.68182553768351,0.8725142620131524,111.68182553768351
1,i64-o128,4,disaggregated,27.503908352000003,10000,,24,24,24,24,3072,1.0,27.506713695000002,0.8725142620131524,111.68182553768351,0.8725142620131524,111.68182553768351
1,i64-o128,4,disaggregated,27.503908352000003,20000,,24,24,24,24,3072,1.0,27.506713695000002,0.8725142620131524,111.68182553768351,0.8725142620131524,111.68182553768351
1,i64-o16,16,disaggregated,1.850388992,100,,24,0,0,24,0,0.0,1.8531906580000002,0.0,0.0,12.950637267889787,207.2101962862366
1,i64-o16,16,disaggregated,1.850388992,250,,24,7,7,24,112,0.2916666666666667,1.8531906580000002,3.7772692031345216,60.436307250152346,12.950637267889787,207.2101962862366
1,i64-o16,16,disaggregated,1.850388992,500,,24,16,16,24,256,0.6666666666666666,1.8531906580000002,8.633758178593192,138.14013085749107,12.950637267889787,207.2101962862366
1,i64-o16,16,disaggregated,1.850388992,1000,,24,24,24,24,384,1.0,1.8531906580000002,12.950637267889787,207.2101962862366,12.950637267889787,207.2101962862366
1,i64-o16,16,disaggregated,1.850388992,2000,,24,24,24,24,384,1.0,1.8531906580000002,12.950637267889787,207.2101962862366,12.950637267889787,207.2101962862366
1,i64-o16,16,disaggregated,1.850388992,5000,,24,24,24,24,384,1.0,1.8531906580000002,12.950637267889787,207.2101962862366,12.950637267889787,207.2101962862366
1,i64-o16,16,disaggregated,1.850388992,10000,,24,24,24,24,384,1.0,1.8531906580000002,12.950637267889787,207.2101962862366,12.950637267889787,207.2101962862366
1,i64-o16,16,disaggregated,1.850388992,20000,,24,24,24,24,384,1.0,1.8531906580000002,12.950637267889787,207.2101962862366,12.950637267889787,207.2101962862366
1,i64-o16,4,disaggregated,3.9604008960000003,100,,24,0,0,24,0,0.0,3.9631118960000005,0.0,0.0,6.055847180147345,96.89355488235752
1,i64-o16,4,disaggregated,3.9604008960000003,250,,24,21,21,24,336,0.875,3.9631118960000005,5.298866282628927,84.78186052206283,6.055847180147345,96.89355488235752
1,i64-o16,4,disaggregated,3.9604008960000003,500,,24,24,24,24,384,1.0,3.9631118960000005,6.055847180147345,96.89355488235752,6.055847180147345,96.89355488235752
1,i64-o16,4,disaggregated,3.9604008960000003,1000,,24,24,24,24,384,1.0,3.9631118960000005,6.055847180147345,96.89355488235752,6.055847180147345,96.89355488235752
1,i64-o16,4,disaggregated,3.9604008960000003,2000,,24,24,24,24,384,1.0,3.9631118960000005,6.055847180147345,96.89355488235752,6.055847180147345,96.89355488235752
1,i64-o16,4,disaggregated,3.9604008960000003,5000,,24,24,24,24,384,1.0,3.9631118960000005,6.055847180147345,96.89355488235752,6.055847180147345,96.89355488235752
1,i64-o16,4,disaggregated,3.9604008960000003,10000,,24,24,24,24,384,1.0,3.9631118960000005,6.055847180147345,96.89355488235752,6.055847180147345,96.89355488235752
1,i64-o16,4,disaggregated,3.9604008960000003,20000,,24,24,24,24,384,1.0,3.9631118960000005,6.055847180147345,96.89355488235752,6.055847180147345,96.89355488235752
1,i704-o128,16,disaggregated,13.059636224,100,,24,0,0,24,0,0.0,13.062655664000001,0.0,0.0,1.8372986793292538,235.1742309541445
1,i704-o128,16,disaggregated,13.059636224,250,,24,0,0,24,0,0.0,13.062655664000001,0.0,0.0,1.8372986793292538,235.1742309541445
1,i704-o128,16,disaggregated,13.059636224,500,,24,5,5,24,640,0.20833333333333334,13.062655664000001,0.38277055819359457,48.994631448780105,1.8372986793292538,235.1742309541445
1,i704-o128,16,disaggregated,13.059636224,1000,,24,13,13,24,1664,0.5416666666666666,13.062655664000001,0.9952034513033459,127.38604176682827,1.8372986793292538,235.1742309541445
1,i704-o128,16,disaggregated,13.059636224,2000,,24,19,19,24,2432,0.7916666666666666,13.062655664000001,1.4545281211356593,186.1795995053644,1.8372986793292538,235.1742309541445
1,i704-o128,16,disaggregated,13.059636224,5000,,24,24,24,24,3072,1.0,13.062655664000001,1.8372986793292538,235.1742309541445,1.8372986793292538,235.1742309541445
1,i704-o128,16,disaggregated,13.059636224,10000,,24,24,24,24,3072,1.0,13.062655664000001,1.8372986793292538,235.1742309541445,1.8372986793292538,235.1742309541445
1,i704-o128,16,disaggregated,13.059636224,20000,,24,24,24,24,3072,1.0,13.062655664000001,1.8372986793292538,235.1742309541445,1.8372986793292538,235.1742309541445
1,i704-o128,4,disaggregated,29.045095936000003,100,,24,0,0,24,0,0.0,29.048182049,0.0,0.0,0.8262134945145806,105.75532729786632
1,i704-o128,4,disaggregated,29.045095936000003,250,,24,0,0,24,0,0.0,29.048182049,0.0,0.0,0.8262134945145806,105.75532729786632
1,i704-o128,4,disaggregated,29.045095936000003,500,,24,20,20,24,2560,0.8333333333333334,29.048182049,0.6885112454288171,88.1294394148886,0.8262134945145806,105.75532729786632
1,i704-o128,4,disaggregated,29.045095936000003,1000,,24,24,24,24,3072,1.0,29.048182049,0.8262134945145806,105.75532729786632,0.8262134945145806,105.75532729786632
1,i704-o128,4,disaggregated,29.045095936000003,2000,,24,24,24,24,3072,1.0,29.048182049,0.8262134945145806,105.75532729786632,0.8262134945145806,105.75532729786632
1,i704-o128,4,disaggregated,29.045095936000003,5000,,24,24,24,24,3072,1.0,29.048182049,0.8262134945145806,105.75532729786632,0.8262134945145806,105.75532729786632
1,i704-o128,4,disaggregated,29.045095936000003,10000,,24,24,24,24,3072,1.0,29.048182049,0.8262134945145806,105.75532729786632,0.8262134945145806,105.75532729786632
1,i704-o128,4,disaggregated,29.045095936000003,20000,,24,24,24,24,3072,1.0,29.048182049,0.8262134945145806,105.75532729786632,0.8262134945145806,105.75532729786632
1,i704-o16,16,disaggregated,4.278312448,100,,24,0,0,24,0,0.0,4.2812524540000005,0.0,0.0,5.605836202809449,89.69337924495119
1,i704-o16,16,disaggregated,4.278312448,250,,24,0,0,24,0,0.0,4.2812524540000005,0.0,0.0,5.605836202809449,89.69337924495119
1,i704-o16,16,disaggregated,4.278312448,500,,24,1,1,24,16,0.041666666666666664,4.2812524540000005,0.23357650845039374,3.7372241352063,5.605836202809449,89.69337924495119
1,i704-o16,16,disaggregated,4.278312448,1000,,24,4,4,24,64,0.16666666666666666,4.2812524540000005,0.934306033801575,14.9488965408252,5.605836202809449,89.69337924495119
1,i704-o16,16,disaggregated,4.278312448,2000,,24,17,17,24,272,0.7083333333333334,4.2812524540000005,3.9708006436566934,63.532810298507094,5.605836202809449,89.69337924495119
1,i704-o16,16,disaggregated,4.278312448,5000,,24,24,24,24,384,1.0,4.2812524540000005,5.605836202809449,89.69337924495119,5.605836202809449,89.69337924495119
1,i704-o16,16,disaggregated,4.278312448,10000,,24,24,24,24,384,1.0,4.2812524540000005,5.605836202809449,89.69337924495119,5.605836202809449,89.69337924495119
1,i704-o16,16,disaggregated,4.278312448,20000,,24,24,24,24,384,1.0,4.2812524540000005,5.605836202809449,89.69337924495119,5.605836202809449,89.69337924495119
1,i704-o16,4,disaggregated,5.350733568000001,100,,24,0,0,24,0,0.0,5.353479925,0.0,0.0,4.4830652839330485,71.72904454292878
1,i704-o16,4,disaggregated,5.350733568000001,250,,24,0,0,24,0,0.0,5.353479925,0.0,0.0,4.4830652839330485,71.72904454292878
1,i704-o16,4,disaggregated,5.350733568000001,500,,24,19,19,24,304,0.7916666666666666,5.353479925,3.54909334978033,56.78549359648528,4.4830652839330485,71.72904454292878
1,i704-o16,4,disaggregated,5.350733568000001,1000,,24,24,24,24,384,1.0,5.353479925,4.4830652839330485,71.72904454292878,4.4830652839330485,71.72904454292878
1,i704-o16,4,disaggregated,5.350733568000001,2000,,24,24,24,24,384,1.0,5.353479925,4.4830652839330485,71.72904454292878,4.4830652839330485,71.72904454292878
1,i704-o16,4,disaggregated,5.350733568000001,5000,,24,24,24,24,384,1.0,5.353479925,4.4830652839330485,71.72904454292878,4.4830652839330485,71.72904454292878
1,i704-o16,4,disaggregated,5.350733568000001,10000,,24,24,24,24,384,1.0,5.353479925,4.4830652839330485,71.72904454292878,4.4830652839330485,71.72904454292878
1,i704-o16,4,disaggregated,5.350733568000001,20000,,24,24,24,24,384,1.0,5.353479925,4.4830652839330485,71.72904454292878,4.4830652839330485,71.72904454292878
1,mixed,16,disaggregated,9.07015808,100,,24,0,0,24,0,0.0,9.076706145000001,0.0,0.0,2.644130989436146,239.7345430422106
1,mixed,16,disaggregated,9.07015808,250,,24,5,5,24,640,0.20833333333333334,9.076706145000001,0.5508606227991971,70.51015971829723,2.644130989436146,239.7345430422106
1,mixed,16,disaggregated,9.07015808,500,,24,9,9,24,928,0.375,9.076706145000001,0.9915491210385547,102.23973159153098,2.644130989436146,239.7345430422106
1,mixed,16,disaggregated,9.07015808,1000,,24,18,18,24,1856,0.75,9.076706145000001,1.9830982420771095,204.47946318306197,2.644130989436146,239.7345430422106
1,mixed,16,disaggregated,9.07015808,2000,,24,24,24,24,2176,1.0,9.076706145000001,2.644130989436146,239.7345430422106,2.644130989436146,239.7345430422106
1,mixed,16,disaggregated,9.07015808,5000,,24,24,24,24,2176,1.0,9.076706145000001,2.644130989436146,239.7345430422106,2.644130989436146,239.7345430422106
1,mixed,16,disaggregated,9.07015808,10000,,24,24,24,24,2176,1.0,9.076706145000001,2.644130989436146,239.7345430422106,2.644130989436146,239.7345430422106
1,mixed,16,disaggregated,9.07015808,20000,,24,24,24,24,2176,1.0,9.076706145000001,2.644130989436146,239.7345430422106,2.644130989436146,239.7345430422106
1,mixed,4,disaggregated,20.584948992,100,,24,0,0,24,0,0.0,20.587684732999996,0.0,0.0,1.165745459543122,105.69425499857641
1,mixed,4,disaggregated,20.584948992,250,,24,12,12,24,1536,0.5,20.587684732999996,0.582872729771561,74.60770941075981,1.165745459543122,105.69425499857641
1,mixed,4,disaggregated,20.584948992,500,,24,24,24,24,2176,1.0,20.587684732999996,1.165745459543122,105.69425499857641,1.165745459543122,105.69425499857641
1,mixed,4,disaggregated,20.584948992,1000,,24,24,24,24,2176,1.0,20.587684732999996,1.165745459543122,105.69425499857641,1.165745459543122,105.69425499857641
1,mixed,4,disaggregated,20.584948992,2000,,24,24,24,24,2176,1.0,20.587684732999996,1.165745459543122,105.69425499857641,1.165745459543122,105.69425499857641
1,mixed,4,disaggregated,20.584948992,5000,,24,24,24,24,2176,1.0,20.587684732999996,1.165745459543122,105.69425499857641,1.165745459543122,105.69425499857641
1,mixed,4,disaggregated,20.584948992,10000,,24,24,24,24,2176,1.0,20.587684732999996,1.165745459543122,105.69425499857641,1.165745459543122,105.69425499857641
1,mixed,4,disaggregated,20.584948992,20000,,24,24,24,24,2176,1.0,20.587684732999996,1.165745459543122,105.69425499857641,1.165745459543122,105.69425499857641
2,i64-o128,16,disaggregated,11.048569344,100,,24,0,0,24,0,0.0,11.051713136,0.0,0.0,2.171609026099499,277.9659553407359
2,i64-o128,16,disaggregated,11.048569344,250,,24,10,10,24,1280,0.4166666666666667,11.051713136,0.9048370942081246,115.81914805863995,2.171609026099499,277.9659553407359
2,i64-o128,16,disaggregated,11.048569344,500,,24,17,17,24,2176,0.7083333333333334,11.051713136,1.5382230601538118,196.8925516996879,2.171609026099499,277.9659553407359
2,i64-o128,16,disaggregated,11.048569344,1000,,24,24,24,24,3072,1.0,11.051713136,2.171609026099499,277.9659553407359,2.171609026099499,277.9659553407359
2,i64-o128,16,disaggregated,11.048569344,2000,,24,24,24,24,3072,1.0,11.051713136,2.171609026099499,277.9659553407359,2.171609026099499,277.9659553407359
2,i64-o128,16,disaggregated,11.048569344,5000,,24,24,24,24,3072,1.0,11.051713136,2.171609026099499,277.9659553407359,2.171609026099499,277.9659553407359
2,i64-o128,16,disaggregated,11.048569344,10000,,24,24,24,24,3072,1.0,11.051713136,2.171609026099499,277.9659553407359,2.171609026099499,277.9659553407359
2,i64-o128,16,disaggregated,11.048569344,20000,,24,24,24,24,3072,1.0,11.051713136,2.171609026099499,277.9659553407359,2.171609026099499,277.9659553407359
2,i64-o128,4,disaggregated,27.028072192000003,100,,24,0,0,24,0,0.0,27.031513599,0.0,0.0,0.887852613657855,113.64513454820543
2,i64-o128,4,disaggregated,27.028072192000003,250,,24,21,21,24,2688,0.875,27.031513599,0.7768710369506231,99.43949272967976,0.887852613657855,113.64513454820543
2,i64-o128,4,disaggregated,27.028072192000003,500,,24,24,24,24,3072,1.0,27.031513599,0.887852613657855,113.64513454820543,0.887852613657855,113.64513454820543
2,i64-o128,4,disaggregated,27.028072192000003,1000,,24,24,24,24,3072,1.0,27.031513599,0.887852613657855,113.64513454820543,0.887852613657855,113.64513454820543
2,i64-o128,4,disaggregated,27.028072192000003,2000,,24,24,24,24,3072,1.0,27.031513599,0.887852613657855,113.64513454820543,0.887852613657855,113.64513454820543
2,i64-o128,4,disaggregated,27.028072192000003,5000,,24,24,24,24,3072,1.0,27.031513599,0.887852613657855,113.64513454820543,0.887852613657855,113.64513454820543
2,i64-o128,4,disaggregated,27.028072192000003,10000,,24,24,24,24,3072,1.0,27.031513599,0.887852613657855,113.64513454820543,0.887852613657855,113.64513454820543
2,i64-o128,4,disaggregated,27.028072192000003,20000,,24,24,24,24,3072,1.0,27.031513599,0.887852613657855,113.64513454820543,0.887852613657855,113.64513454820543
2,i64-o16,16,disaggregated,1.8530979840000001,100,,24,0,0,24,0,0.0,1.855817046,0.0,0.0,12.932309276784173,206.91694842854676
2,i64-o16,16,disaggregated,1.8530979840000001,250,,24,10,10,24,160,0.4166666666666667,1.855817046,5.388462198660072,86.21539517856115,12.932309276784173,206.91694842854676
2,i64-o16,16,disaggregated,1.8530979840000001,500,,24,15,15,24,240,0.625,1.855817046,8.082693297990108,129.32309276784173,12.932309276784173,206.91694842854676
2,i64-o16,16,disaggregated,1.8530979840000001,1000,,24,24,24,24,384,1.0,1.855817046,12.932309276784173,206.91694842854676,12.932309276784173,206.91694842854676
2,i64-o16,16,disaggregated,1.8530979840000001,2000,,24,24,24,24,384,1.0,1.855817046,12.932309276784173,206.91694842854676,12.932309276784173,206.91694842854676
2,i64-o16,16,disaggregated,1.8530979840000001,5000,,24,24,24,24,384,1.0,1.855817046,12.932309276784173,206.91694842854676,12.932309276784173,206.91694842854676
2,i64-o16,16,disaggregated,1.8530979840000001,10000,,24,24,24,24,384,1.0,1.855817046,12.932309276784173,206.91694842854676,12.932309276784173,206.91694842854676
2,i64-o16,16,disaggregated,1.8530979840000001,20000,,24,24,24,24,384,1.0,1.855817046,12.932309276784173,206.91694842854676,12.932309276784173,206.91694842854676
2,i64-o16,4,disaggregated,3.921412864,100,,24,0,0,24,0,0.0,3.923864022,0.0,0.0,6.116419902789383,97.86271844463013
2,i64-o16,4,disaggregated,3.921412864,250,,24,20,20,24,320,0.8333333333333334,3.923864022,5.09701658565782,81.55226537052512,6.116419902789383,97.86271844463013
2,i64-o16,4,disaggregated,3.921412864,500,,24,24,24,24,384,1.0,3.923864022,6.116419902789383,97.86271844463013,6.116419902789383,97.86271844463013
2,i64-o16,4,disaggregated,3.921412864,1000,,24,24,24,24,384,1.0,3.923864022,6.116419902789383,97.86271844463013,6.116419902789383,97.86271844463013
2,i64-o16,4,disaggregated,3.921412864,2000,,24,24,24,24,384,1.0,3.923864022,6.116419902789383,97.86271844463013,6.116419902789383,97.86271844463013
2,i64-o16,4,disaggregated,3.921412864,5000,,24,24,24,24,384,1.0,3.923864022,6.116419902789383,97.86271844463013,6.116419902789383,97.86271844463013
2,i64-o16,4,disaggregated,3.921412864,10000,,24,24,24,24,384,1.0,3.923864022,6.116419902789383,97.86271844463013,6.116419902789383,97.86271844463013
2,i64-o16,4,disaggregated,3.921412864,20000,,24,24,24,24,384,1.0,3.923864022,6.116419902789383,97.86271844463013,6.116419902789383,97.86271844463013
2,i704-o128,16,disaggregated,13.06454272,100,,24,0,0,24,0,0.0,13.067832185,0.0,0.0,1.8365708757377954,235.08107209443781
2,i704-o128,16,disaggregated,13.06454272,250,,24,0,0,24,0,0.0,13.067832185,0.0,0.0,1.8365708757377954,235.08107209443781
2,i704-o128,16,disaggregated,13.06454272,500,,24,5,5,24,640,0.20833333333333334,13.067832185,0.38261893244537404,48.97522335300788,1.8365708757377954,235.08107209443781
2,i704-o128,16,disaggregated,13.06454272,1000,,24,13,13,24,1664,0.5416666666666666,13.067832185,0.9948092243579726,127.33558071782049,1.8365708757377954,235.08107209443781
2,i704-o128,16,disaggregated,13.06454272,2000,,24,19,19,24,2432,0.7916666666666666,13.067832185,1.4539519432924215,186.10584874142995,1.8365708757377954,235.08107209443781
2,i704-o128,16,disaggregated,13.06454272,5000,,24,24,24,24,3072,1.0,13.067832185,1.8365708757377954,235.08107209443781,1.8365708757377954,235.08107209443781
2,i704-o128,16,disaggregated,13.06454272,10000,,24,24,24,24,3072,1.0,13.067832185,1.8365708757377954,235.08107209443781,1.8365708757377954,235.08107209443781
2,i704-o128,16,disaggregated,13.06454272,20000,,24,24,24,24,3072,1.0,13.067832185,1.8365708757377954,235.08107209443781,1.8365708757377954,235.08107209443781
2,i704-o128,4,disaggregated,28.64895616,100,,24,0,0,24,0,0.0,28.651764328000002,0.0,0.0,0.8376447511312923,107.21852814480542
2,i704-o128,4,disaggregated,28.64895616,250,,24,0,0,24,0,0.0,28.651764328000002,0.0,0.0,0.8376447511312923,107.21852814480542
2,i704-o128,4,disaggregated,28.64895616,500,,24,20,20,24,2560,0.8333333333333334,28.651764328000002,0.6980372926094103,89.34877345400452,0.8376447511312923,107.21852814480542
2,i704-o128,4,disaggregated,28.64895616,1000,,24,24,24,24,3072,1.0,28.651764328000002,0.8376447511312923,107.21852814480542,0.8376447511312923,107.21852814480542
2,i704-o128,4,disaggregated,28.64895616,2000,,24,24,24,24,3072,1.0,28.651764328000002,0.8376447511312923,107.21852814480542,0.8376447511312923,107.21852814480542
2,i704-o128,4,disaggregated,28.64895616,5000,,24,24,24,24,3072,1.0,28.651764328000002,0.8376447511312923,107.21852814480542,0.8376447511312923,107.21852814480542
2,i704-o128,4,disaggregated,28.64895616,10000,,24,24,24,24,3072,1.0,28.651764328000002,0.8376447511312923,107.21852814480542,0.8376447511312923,107.21852814480542
2,i704-o128,4,disaggregated,28.64895616,20000,,24,24,24,24,3072,1.0,28.651764328000002,0.8376447511312923,107.21852814480542,0.8376447511312923,107.21852814480542
2,i704-o16,16,disaggregated,4.005956096,100,,24,0,0,24,0,0.0,4.008802975,0.0,0.0,5.986824533325936,95.78919253321497
2,i704-o16,16,disaggregated,4.005956096,250,,24,0,0,24,0,0.0,4.008802975,0.0,0.0,5.986824533325936,95.78919253321497
2,i704-o16,16,disaggregated,4.005956096,500,,24,1,1,24,16,0.041666666666666664,4.008802975,0.249451022221914,3.991216355550624,5.986824533325936,95.78919253321497
2,i704-o16,16,disaggregated,4.005956096,1000,,24,5,5,24,80,0.20833333333333334,4.008802975,1.24725511110957,19.95608177775312,5.986824533325936,95.78919253321497
2,i704-o16,16,disaggregated,4.005956096,2000,,24,20,20,24,320,0.8333333333333334,4.008802975,4.98902044443828,79.82432711101248,5.986824533325936,95.78919253321497
2,i704-o16,16,disaggregated,4.005956096,5000,,24,24,24,24,384,1.0,4.008802975,5.986824533325936,95.78919253321497,5.986824533325936,95.78919253321497
2,i704-o16,16,disaggregated,4.005956096,10000,,24,24,24,24,384,1.0,4.008802975,5.986824533325936,95.78919253321497,5.986824533325936,95.78919253321497
2,i704-o16,16,disaggregated,4.005956096,20000,,24,24,24,24,384,1.0,4.008802975,5.986824533325936,95.78919253321497,5.986824533325936,95.78919253321497
2,i704-o16,4,disaggregated,5.2456624640000005,100,,24,0,0,24,0,0.0,5.248224063,0.0,0.0,4.572975488832516,73.16760782132026
2,i704-o16,4,disaggregated,5.2456624640000005,250,,24,0,0,24,0,0.0,5.248224063,0.0,0.0,4.572975488832516,73.16760782132026
2,i704-o16,4,disaggregated,5.2456624640000005,500,,24,21,21,24,336,0.875,5.248224063,4.001353552728451,64.02165684365522,4.572975488832516,73.16760782132026
2,i704-o16,4,disaggregated,5.2456624640000005,1000,,24,24,24,24,384,1.0,5.248224063,4.572975488832516,73.16760782132026,4.572975488832516,73.16760782132026
2,i704-o16,4,disaggregated,5.2456624640000005,2000,,24,24,24,24,384,1.0,5.248224063,4.572975488832516,73.16760782132026,4.572975488832516,73.16760782132026
2,i704-o16,4,disaggregated,5.2456624640000005,5000,,24,24,24,24,384,1.0,5.248224063,4.572975488832516,73.16760782132026,4.572975488832516,73.16760782132026
2,i704-o16,4,disaggregated,5.2456624640000005,10000,,24,24,24,24,384,1.0,5.248224063,4.572975488832516,73.16760782132026,4.572975488832516,73.16760782132026
2,i704-o16,4,disaggregated,5.2456624640000005,20000,,24,24,24,24,384,1.0,5.248224063,4.572975488832516,73.16760782132026,4.572975488832516,73.16760782132026
2,mixed,16,disaggregated,8.659588864,100,,24,0,0,24,0,0.0,8.662792503,0.0,0.0,2.770469221291932,251.1892093971352
2,mixed,16,disaggregated,8.659588864,250,,24,7,7,24,896,0.2916666666666667,8.662792503,0.8080535228768135,103.43085092823213,2.770469221291932,251.1892093971352
2,mixed,16,disaggregated,8.659588864,500,,24,14,14,24,1568,0.5833333333333334,8.662792503,1.616107045753627,181.00398912440625,2.770469221291932,251.1892093971352
2,mixed,16,disaggregated,8.659588864,1000,,24,19,19,24,1984,0.7916666666666666,8.662792503,2.19328813352278,229.02545562679973,2.770469221291932,251.1892093971352
2,mixed,16,disaggregated,8.659588864,2000,,24,24,24,24,2176,1.0,8.662792503,2.770469221291932,251.1892093971352,2.770469221291932,251.1892093971352
2,mixed,16,disaggregated,8.659588864,5000,,24,24,24,24,2176,1.0,8.662792503,2.770469221291932,251.1892093971352,2.770469221291932,251.1892093971352
2,mixed,16,disaggregated,8.659588864,10000,,24,24,24,24,2176,1.0,8.662792503,2.770469221291932,251.1892093971352,2.770469221291932,251.1892093971352
2,mixed,16,disaggregated,8.659588864,20000,,24,24,24,24,2176,1.0,8.662792503,2.770469221291932,251.1892093971352,2.770469221291932,251.1892093971352
2,mixed,4,disaggregated,20.35265536,100,,24,0,0,24,0,0.0,20.355451673,0.0,0.0,1.1790453184506942,106.90010887286293
2,mixed,4,disaggregated,20.35265536,250,,24,12,12,24,1536,0.5,20.355451673,0.5895226592253471,75.45890038084443,1.1790453184506942,106.90010887286293
2,mixed,4,disaggregated,20.35265536,500,,24,24,24,24,2176,1.0,20.355451673,1.1790453184506942,106.90010887286293,1.1790453184506942,106.90010887286293
2,mixed,4,disaggregated,20.35265536,1000,,24,24,24,24,2176,1.0,20.355451673,1.1790453184506942,106.90010887286293,1.1790453184506942,106.90010887286293
2,mixed,4,disaggregated,20.35265536,2000,,24,24,24,24,2176,1.0,20.355451673,1.1790453184506942,106.90010887286293,1.1790453184506942,106.90010887286293
2,mixed,4,disaggregated,20.35265536,5000,,24,24,24,24,2176,1.0,20.355451673,1.1790453184506942,106.90010887286293,1.1790453184506942,106.90010887286293
2,mixed,4,disaggregated,20.35265536,10000,,24,24,24,24,2176,1.0,20.355451673,1.1790453184506942,106.90010887286293,1.1790453184506942,106.90010887286293
2,mixed,4,disaggregated,20.35265536,20000,,24,24,24,24,2176,1.0,20.355451673,1.1790453184506942,106.90010887286293,1.1790453184506942,106.90010887286293
2,i64-o128,16,aggregated,10.284667136000001,100,,24,2,2,24,256,0.08333333333333333,10.287834433,0.19440437275940753,24.883759713204164,2.33285247311289,298.60511655844994
2,i64-o128,16,aggregated,10.284667136000001,250,,24,23,23,24,2944,0.9583333333333334,10.287834433,2.2356502867331867,286.1632367018479,2.33285247311289,298.60511655844994
2,i64-o128,16,aggregated,10.284667136000001,500,,24,24,24,24,3072,1.0,10.287834433,2.33285247311289,298.60511655844994,2.33285247311289,298.60511655844994
2,i64-o128,16,aggregated,10.284667136000001,1000,,24,24,24,24,3072,1.0,10.287834433,2.33285247311289,298.60511655844994,2.33285247311289,298.60511655844994
2,i64-o128,16,aggregated,10.284667136000001,2000,,24,24,24,24,3072,1.0,10.287834433,2.33285247311289,298.60511655844994,2.33285247311289,298.60511655844994
2,i64-o128,16,aggregated,10.284667136000001,5000,,24,24,24,24,3072,1.0,10.287834433,2.33285247311289,298.60511655844994,2.33285247311289,298.60511655844994
2,i64-o128,16,aggregated,10.284667136000001,10000,,24,24,24,24,3072,1.0,10.287834433,2.33285247311289,298.60511655844994,2.33285247311289,298.60511655844994
2,i64-o128,16,aggregated,10.284667136000001,20000,,24,24,24,24,3072,1.0,10.287834433,2.33285247311289,298.60511655844994,2.33285247311289,298.60511655844994
2,i64-o128,4,aggregated,25.611092992000003,100,,24,12,12,24,1536,0.5,25.615875080000002,0.468459498749242,59.96281583990297,0.936918997498484,119.92563167980595
2,i64-o128,4,aggregated,25.611092992000003,250,,24,24,24,24,3072,1.0,25.615875080000002,0.936918997498484,119.92563167980595,0.936918997498484,119.92563167980595
2,i64-o128,4,aggregated,25.611092992000003,500,,24,24,24,24,3072,1.0,25.615875080000002,0.936918997498484,119.92563167980595,0.936918997498484,119.92563167980595
2,i64-o128,4,aggregated,25.611092992000003,1000,,24,24,24,24,3072,1.0,25.615875080000002,0.936918997498484,119.92563167980595,0.936918997498484,119.92563167980595
2,i64-o128,4,aggregated,25.611092992000003,2000,,24,24,24,24,3072,1.0,25.615875080000002,0.936918997498484,119.92563167980595,0.936918997498484,119.92563167980595
2,i64-o128,4,aggregated,25.611092992000003,5000,,24,24,24,24,3072,1.0,25.615875080000002,0.936918997498484,119.92563167980595,0.936918997498484,119.92563167980595
2,i64-o128,4,aggregated,25.611092992000003,10000,,24,24,24,24,3072,1.0,25.615875080000002,0.936918997498484,119.92563167980595,0.936918997498484,119.92563167980595
2,i64-o128,4,aggregated,25.611092992000003,20000,,24,24,24,24,3072,1.0,25.615875080000002,0.936918997498484,119.92563167980595,0.936918997498484,119.92563167980595
2,i64-o16,16,aggregated,1.4038190080000001,100,,24,1,1,24,16,0.041666666666666664,1.4070768790000001,0.7106932214753562,11.371091543605699,17.056637315408548,272.90619704653676
2,i64-o16,16,aggregated,1.4038190080000001,250,,24,20,20,24,320,0.8333333333333334,1.4070768790000001,14.213864429507122,227.42183087211396,17.056637315408548,272.90619704653676
2,i64-o16,16,aggregated,1.4038190080000001,500,,24,24,24,24,384,1.0,1.4070768790000001,17.056637315408548,272.90619704653676,17.056637315408548,272.90619704653676
2,i64-o16,16,aggregated,1.4038190080000001,1000,,24,24,24,24,384,1.0,1.4070768790000001,17.056637315408548,272.90619704653676,17.056637315408548,272.90619704653676
2,i64-o16,16,aggregated,1.4038190080000001,2000,,24,24,24,24,384,1.0,1.4070768790000001,17.056637315408548,272.90619704653676,17.056637315408548,272.90619704653676
2,i64-o16,16,aggregated,1.4038190080000001,5000,,24,24,24,24,384,1.0,1.4070768790000001,17.056637315408548,272.90619704653676,17.056637315408548,272.90619704653676
2,i64-o16,16,aggregated,1.4038190080000001,10000,,24,24,24,24,384,1.0,1.4070768790000001,17.056637315408548,272.90619704653676,17.056637315408548,272.90619704653676
2,i64-o16,16,aggregated,1.4038190080000001,20000,,24,24,24,24,384,1.0,1.4070768790000001,17.056637315408548,272.90619704653676,17.056637315408548,272.90619704653676
2,i64-o16,4,aggregated,3.292368128,100,,24,13,13,24,208,0.5416666666666666,3.2949082730000003,3.9454816106803343,63.12770577088535,7.283966050486771,116.54345680778833
2,i64-o16,4,aggregated,3.292368128,250,,24,24,24,24,384,1.0,3.2949082730000003,7.283966050486771,116.54345680778833,7.283966050486771,116.54345680778833
2,i64-o16,4,aggregated,3.292368128,500,,24,24,24,24,384,1.0,3.2949082730000003,7.283966050486771,116.54345680778833,7.283966050486771,116.54345680778833
2,i64-o16,4,aggregated,3.292368128,1000,,24,24,24,24,384,1.0,3.2949082730000003,7.283966050486771,116.54345680778833,7.283966050486771,116.54345680778833
2,i64-o16,4,aggregated,3.292368128,2000,,24,24,24,24,384,1.0,3.2949082730000003,7.283966050486771,116.54345680778833,7.283966050486771,116.54345680778833
2,i64-o16,4,aggregated,3.292368128,5000,,24,24,24,24,384,1.0,3.2949082730000003,7.283966050486771,116.54345680778833,7.283966050486771,116.54345680778833
2,i64-o16,4,aggregated,3.292368128,10000,,24,24,24,24,384,1.0,3.2949082730000003,7.283966050486771,116.54345680778833,7.283966050486771,116.54345680778833
2,i64-o16,4,aggregated,3.292368128,20000,,24,24,24,24,384,1.0,3.2949082730000003,7.283966050486771,116.54345680778833,7.283966050486771,116.54345680778833
2,i704-o128,16,aggregated,11.090554112000001,100,,24,0,0,24,0,0.0,11.092992926,0.0,0.0,2.163527927954256,276.93157477814475
2,i704-o128,16,aggregated,11.090554112000001,250,,24,2,2,24,256,0.08333333333333333,11.092992926,0.18029399399618798,23.07763123151206,2.163527927954256,276.93157477814475
2,i704-o128,16,aggregated,11.090554112000001,500,,24,15,15,24,1920,0.625,11.092992926,1.35220495497141,173.08223423634047,2.163527927954256,276.93157477814475
2,i704-o128,16,aggregated,11.090554112000001,1000,,24,24,24,24,3072,1.0,11.092992926,2.163527927954256,276.93157477814475,2.163527927954256,276.93157477814475
2,i704-o128,16,aggregated,11.090554112000001,2000,,24,24,24,24,3072,1.0,11.092992926,2.163527927954256,276.93157477814475,2.163527927954256,276.93157477814475
2,i704-o128,16,aggregated,11.090554112000001,5000,,24,24,24,24,3072,1.0,11.092992926,2.163527927954256,276.93157477814475,2.163527927954256,276.93157477814475
2,i704-o128,16,aggregated,11.090554112000001,10000,,24,24,24,24,3072,1.0,11.092992926,2.163527927954256,276.93157477814475,2.163527927954256,276.93157477814475
2,i704-o128,16,aggregated,11.090554112000001,20000,,24,24,24,24,3072,1.0,11.092992926,2.163527927954256,276.93157477814475,2.163527927954256,276.93157477814475
2,i704-o128,4,aggregated,26.640920832000003,100,,24,0,0,24,0,0.0,26.643718234,0.0,0.0,0.9007751766933807,115.29922261675273
2,i704-o128,4,aggregated,26.640920832000003,250,,24,22,22,24,2816,0.9166666666666666,26.643718234,0.8257105786355989,105.69095406535666,0.9007751766933807,115.29922261675273
2,i704-o128,4,aggregated,26.640920832000003,500,,24,24,24,24,3072,1.0,26.643718234,0.9007751766933807,115.29922261675273,0.9007751766933807,115.29922261675273
2,i704-o128,4,aggregated,26.640920832000003,1000,,24,24,24,24,3072,1.0,26.643718234,0.9007751766933807,115.29922261675273,0.9007751766933807,115.29922261675273
2,i704-o128,4,aggregated,26.640920832000003,2000,,24,24,24,24,3072,1.0,26.643718234,0.9007751766933807,115.29922261675273,0.9007751766933807,115.29922261675273
2,i704-o128,4,aggregated,26.640920832000003,5000,,24,24,24,24,3072,1.0,26.643718234,0.9007751766933807,115.29922261675273,0.9007751766933807,115.29922261675273
2,i704-o128,4,aggregated,26.640920832000003,10000,,24,24,24,24,3072,1.0,26.643718234,0.9007751766933807,115.29922261675273,0.9007751766933807,115.29922261675273
2,i704-o128,4,aggregated,26.640920832000003,20000,,24,24,24,24,3072,1.0,26.643718234,0.9007751766933807,115.29922261675273,0.9007751766933807,115.29922261675273
2,i704-o16,16,aggregated,1.9526543360000002,100,,24,0,0,24,0,0.0,1.955641729,0.0,0.0,12.272186486975906,196.3549837916145
2,i704-o16,16,aggregated,1.9526543360000002,250,,24,3,3,24,48,0.125,1.955641729,1.5340233108719883,24.544372973951813,12.272186486975906,196.3549837916145
2,i704-o16,16,aggregated,1.9526543360000002,500,,24,15,15,24,240,0.625,1.955641729,7.670116554359942,122.72186486975907,12.272186486975906,196.3549837916145
2,i704-o16,16,aggregated,1.9526543360000002,1000,,24,24,24,24,384,1.0,1.955641729,12.272186486975906,196.3549837916145,12.272186486975906,196.3549837916145
2,i704-o16,16,aggregated,1.9526543360000002,2000,,24,24,24,24,384,1.0,1.955641729,12.272186486975906,196.3549837916145,12.272186486975906,196.3549837916145
2,i704-o16,16,aggregated,1.9526543360000002,5000,,24,24,24,24,384,1.0,1.955641729,12.272186486975906,196.3549837916145,12.272186486975906,196.3549837916145
2,i704-o16,16,aggregated,1.9526543360000002,10000,,24,24,24,24,384,1.0,1.955641729,12.272186486975906,196.3549837916145,12.272186486975906,196.3549837916145
2,i704-o16,16,aggregated,1.9526543360000002,20000,,24,24,24,24,384,1.0,1.955641729,12.272186486975906,196.3549837916145,12.272186486975906,196.3549837916145
2,i704-o16,4,aggregated,3.7684300800000003,100,,24,0,0,24,0,0.0,3.7714422710000006,0.0,0.0,6.363613248052285,101.81781196883657
2,i704-o16,4,aggregated,3.7684300800000003,250,,24,21,21,24,336,0.875,3.7714422710000006,5.568161592045749,89.09058547273199,6.363613248052285,101.81781196883657
2,i704-o16,4,aggregated,3.7684300800000003,500,,24,24,24,24,384,1.0,3.7714422710000006,6.363613248052285,101.81781196883657,6.363613248052285,101.81781196883657
2,i704-o16,4,aggregated,3.7684300800000003,1000,,24,24,24,24,384,1.0,3.7714422710000006,6.363613248052285,101.81781196883657,6.363613248052285,101.81781196883657
2,i704-o16,4,aggregated,3.7684300800000003,2000,,24,24,24,24,384,1.0,3.7714422710000006,6.363613248052285,101.81781196883657,6.363613248052285,101.81781196883657
2,i704-o16,4,aggregated,3.7684300800000003,5000,,24,24,24,24,384,1.0,3.7714422710000006,6.363613248052285,101.81781196883657,6.363613248052285,101.81781196883657
2,i704-o16,4,aggregated,3.7684300800000003,10000,,24,24,24,24,384,1.0,3.7714422710000006,6.363613248052285,101.81781196883657,6.363613248052285,101.81781196883657
2,i704-o16,4,aggregated,3.7684300800000003,20000,,24,24,24,24,384,1.0,3.7714422710000006,6.363613248052285,101.81781196883657,6.363613248052285,101.81781196883657
2,mixed,16,aggregated,7.664130304,100,,24,1,1,24,128,0.041666666666666664,7.667529908000001,0.13042009773664387,16.693772510290415,3.130082345679453,283.79413267493703
2,mixed,16,aggregated,7.664130304,250,,24,14,14,24,1792,0.5833333333333334,7.667529908000001,1.8258813683130142,233.71281514406581,3.130082345679453,283.79413267493703
2,mixed,16,aggregated,7.664130304,500,,24,23,23,24,2160,0.9583333333333334,7.667529908000001,2.999662247942809,281.70741111115075,3.130082345679453,283.79413267493703
2,mixed,16,aggregated,7.664130304,1000,,24,24,24,24,2176,1.0,7.667529908000001,3.130082345679453,283.79413267493703,3.130082345679453,283.79413267493703
2,mixed,16,aggregated,7.664130304,2000,,24,24,24,24,2176,1.0,7.667529908000001,3.130082345679453,283.79413267493703,3.130082345679453,283.79413267493703
2,mixed,16,aggregated,7.664130304,5000,,24,24,24,24,2176,1.0,7.667529908000001,3.130082345679453,283.79413267493703,3.130082345679453,283.79413267493703
2,mixed,16,aggregated,7.664130304,10000,,24,24,24,24,2176,1.0,7.667529908000001,3.130082345679453,283.79413267493703,3.130082345679453,283.79413267493703
2,mixed,16,aggregated,7.664130304,20000,,24,24,24,24,2176,1.0,7.667529908000001,3.130082345679453,283.79413267493703,3.130082345679453,283.79413267493703
2,mixed,4,aggregated,19.722414592,100,,24,9,9,24,1152,0.375,19.725170435000003,0.45626982183284737,58.40253719460446,1.216719524887593,110.31590358980843
2,mixed,4,aggregated,19.722414592,250,,24,23,23,24,2160,0.9583333333333334,19.725170435000003,1.1660228780172766,109.50475723988338,1.216719524887593,110.31590358980843
2,mixed,4,aggregated,19.722414592,500,,24,24,24,24,2176,1.0,19.725170435000003,1.216719524887593,110.31590358980843,1.216719524887593,110.31590358980843
2,mixed,4,aggregated,19.722414592,1000,,24,24,24,24,2176,1.0,19.725170435000003,1.216719524887593,110.31590358980843,1.216719524887593,110.31590358980843
2,mixed,4,aggregated,19.722414592,2000,,24,24,24,24,2176,1.0,19.725170435000003,1.216719524887593,110.31590358980843,1.216719524887593,110.31590358980843
2,mixed,4,aggregated,19.722414592,5000,,24,24,24,24,2176,1.0,19.725170435000003,1.216719524887593,110.31590358980843,1.216719524887593,110.31590358980843
2,mixed,4,aggregated,19.722414592,10000,,24,24,24,24,2176,1.0,19.725170435000003,1.216719524887593,110.31590358980843,1.216719524887593,110.31590358980843
2,mixed,4,aggregated,19.722414592,20000,,24,24,24,24,2176,1.0,19.725170435000003,1.216719524887593,110.31590358980843,1.216719524887593,110.31590358980843
