ttft_slo_ms,tpot_slo_ms,workload,concurrency,mode,repetitions,requests,good_requests,ttft_pass,tpot_pass,min_repetition_attainment,attainment,request_goodput,request_goodput_std,token_goodput,token_goodput_std,request_throughput,request_throughput_std,token_throughput,token_throughput_std
100,,i64-o128,4,aggregated,2,48,26,26,48,0.5,0.5416666666666666,0.5092692302282841,0.057713675734465564,65.18646146922036,7.387350494011592,0.9399557516412358,0.004294618894272414,120.31433621007818,0.549711218466869
100,,i64-o128,4,disaggregated,2,48,0,0,48,0.0,0.0,0.0,0.0,0.0,0.0,0.8801834378355037,0.010845852460193001,112.66348004294447,1.3882691149047042
100,,i64-o128,16,aggregated,2,48,5,5,48,0.08333333333333333,0.10416666666666667,0.24571000506389418,0.07255712103113221,31.450880648178455,9.287311491984923,2.354488786029968,0.030598367167080226,301.3745646118359,3.916590997386269
100,,i64-o128,16,disaggregated,2,48,0,0,48,0.0,0.0,0.0,0.0,0.0,0.0,2.1612603814214992,0.01463519365580729,276.6413288219519,1.873304787943333
100,,i64-o16,4,aggregated,2,48,28,28,48,0.5416666666666666,0.5833333333333334,4.31424718344104,0.5215132743344728,69.02795493505664,8.344212389351565,7.388393230204782,0.14768233383758497,118.21429168327651,2.3629173414013596
100,,i64-o16,4,disaggregated,2,48,0,0,48,0.0,0.0,0.0,0.0,0.0,0.0,6.086133541468364,0.04283138293511719,97.37813666349382,0.6853021269618751
100,,i64-o16,16,aggregated,2,48,2,2,48,0.041666666666666664,0.041666666666666664,0.7196778727965374,0.012706215751607804,11.514845964744598,0.20329945202572486,17.272268947116896,0.304949178038586,276.35630315387033,4.879186848617376
100,,i64-o16,16,disaggregated,2,48,0,0,48,0.0,0.0,0.0,0.0,0.0,0.0,12.94147327233698,0.012959846796306863,207.06357235739168,0.2073575487409098
100,,i704-o128,4,aggregated,2,48,0,0,48,0.0,0.0,0.0,0.0,0.0,0.0,0.910382361475916,0.013586611015685842,116.52894226891725,1.7390862100077877
100,,i704-o128,4,disaggregated,2,48,0,0,48,0.0,0.0,0.0,0.0,0.0,0.0,0.8319291228229364,0.008083119071160461,106.48692772133586,1.034639241108539
100,,i704-o128,16,aggregated,2,48,0,0,48,0.0,0.0,0.0,0.0,0.0,0.0,2.1560189480347356,0.010619301241773104,275.97042534844616,1.3592705589469574
100,,i704-o128,16,disaggregated,2,48,0,0,48,0.0,0.0,0.0,0.0,0.0,0.0,1.8369347775335245,0.0005146348548921647,235.12765152429114,0.06587326142619708
100,,i704-o16,4,aggregated,2,48,0,0,48,0.0,0.0,0.0,0.0,0.0,0.0,6.386628387760931,0.0325483227158781,102.1860542041749,0.5207731634540496
100,,i704-o16,4,disaggregated,2,48,0,0,48,0.0,0.0,0.0,0.0,0.0,0.0,4.528020386382782,0.06357611558228561,72.44832618212452,1.0172178493165698
100,,i704-o16,16,aggregated,2,48,0,0,48,0.0,0.0,0.0,0.0,0.0,0.0,12.330837265738975,0.0829447267704739,197.2933962518236,1.3271156283275825
100,,i704-o16,16,disaggregated,2,48,0,0,48,0.0,0.0,0.0,0.0,0.0,0.0,5.796330368067693,0.26939943206114925,92.74128588908309,4.310390912978388
100,,mixed,4,aggregated,2,48,18,18,48,0.375,0.375,0.46384178397056214,0.010708371548931804,59.371748348231954,1.370671558263271,1.2369114239214989,0.028555657463817986,112.14663576888258,2.5890462767195084
100,,mixed,4,disaggregated,2,48,0,0,48,0.0,0.0,0.0,0.0,0.0,0.0,1.172395388996908,0.009404420422368559,106.29718193571966,0.8526674516280676
100,,mixed,16,aggregated,2,48,4,4,48,0.041666666666666664,0.08333333333333333,0.26768763261552075,0.1941256094992296,34.26401697478666,24.84807801590139,3.184861842817317,0.07746990779234589,288.7608070821034,7.023938306506047
100,,mixed,16,disaggregated,2,48,0,0,48,0.0,0.0,0.0,0.0,0.0,0.0,2.7073001053640393,0.08933462046834471,245.4618762196729,8.099672255796575
250,,i64-o128,4,aggregated,2,48,48,48,48,1.0,1.0,0.9399557516412358,0.004294618894272414,120.31433621007818,0.549711218466869,0.9399557516412358,0.004294618894272414,120.31433621007818,0.549711218466869
250,,i64-o128,4,disaggregated,2,48,42,42,48,0.875,0.875,0.7701605081060657,0.009490120902668877,98.58054503757641,1.2147354755416162,0.8801834378355037,0.010845852460193001,112.66348004294447,1.3882691149047042
250,,i64-o128,16,aggregated,2,48,46,46,48,0.9583333333333334,0.9583333333333334,2.2563850866120534,0.02932343520178502,288.81729108634283,3.7533997058284827,2.354488786029968,0.030598367167080226,301.3745646118359,3.916590997386269
250,,i64-o128,16,disaggregated,2,48,18,18,48,0.3333333333333333,0.375,0.8109038365613123,0.1328416869220083,103.79569107984797,17.00373592601706,2.1612603814214992,0.01463519365580729,276.6413288219519,1.873304787943333
250,,i64-o16,4,aggregated,2,48,48,48,48,1.0,1.0,7.388393230204782,0.14768233383758497,118.21429168327651,2.3629173414013596,7.388393230204782,0.14768233383758497,118.21429168327651,2.3629173414013596
250,,i64-o16,4,disaggregated,2,48,41,41,48,0.8333333333333334,0.8541666666666666,5.197941434143374,0.14272928950871933,83.16706294629398,2.283668632139509,6.086133541468364,0.04283138293511719,97.37813666349382,0.6853021269618751
250,,i64-o16,16,aggregated,2,48,41,41,48,0.8333333333333334,0.8541666666666666,14.757888717989605,0.7693665270323014,236.12621948783368,12.309864432516822,17.272268947116896,0.304949178038586,276.35630315387033,4.879186848617376
250,,i64-o16,16,disaggregated,2,48,17,17,48,0.2916666666666667,0.3541666666666667,4.582865700897297,1.1392854929363834,73.32585121435675,18.228567886982134,12.94147327233698,0.012959846796306863,207.06357235739168,0.2073575487409098
250,,i704-o128,4,aggregated,2,48,44,44,48,0.9166666666666666,0.9166666666666666,0.8345171646862564,0.012454393431045369,106.81819707984081,1.5941623591738072,0.910382361475916,0.013586611015685842,116.52894226891725,1.7390862100077877
250,,i704-o128,4,disaggregated,2,48,0,0,48,0.0,0.0,0.0,0.0,0.0,0.0,0.8319291228229364,0.008083119071160461,106.48692772133586,1.034639241108539
250,,i704-o128,16,aggregated,2,48,5,5,48,0.08333333333333333,0.10416666666666667,0.22442887000529493,0.062416140225733975,28.72689536067775,7.989265948893949,2.1560189480347356,0.010619301241773104,275.97042534844616,1.3592705589469574
250,,i704-o128,16,disaggregated,2,48,0,0,48,0.0,0.0,0.0,0.0,0.0,0.0,1.8369347775335245,0.0005146348548921647,235.12765152429114,0.06587326142619708
250,,i704-o16,4,aggregated,2,48,42,42,48,0.875,0.875,5.588299839290814,0.02847978237639365,89.41279742865302,0.4556765180222984,6.386628387760931,0.0325483227158781,102.1860542041749,0.5207731634540496
250,,i704-o16,4,disaggregated,2,48,0,0,48,0.0,0.0,0.0,0.0,0.0,0.0,4.528020386382782,0.06357611558228561,72.44832618212452,1.0172178493165698
250,,i704-o16,16,aggregated,2,48,6,6,48,0.125,0.125,1.5413546582173718,0.010368090846309238,24.66167453147795,0.1658894535409478,12.330837265738975,0.0829447267704739,197.2933962518236,1.3271156283275825
250,,i704-o16,16,disaggregated,2,48,0,0,48,0.0,0.0,0.0,0.0,0.0,0.0,5.796330368067693,0.26939943206114925,92.74128588908309,4.310390912978388
250,,mixed,4,aggregated,2,48,46,46,48,0.9583333333333334,0.9583333333333334,1.18537344792477,0.027365838402825693,111.3220281529349,2.5700091717436213,1.2369114239214989,0.028555657463817986,112.14663576888258,2.5890462767195084
250,,mixed,4,disaggregated,2,48,24,24,48,0.5,0.5,0.586197694498454,0.004702210211184279,75.03330489580212,0.6018829070315878,1.172395388996908,0.009404420422368559,106.29718193571966,0.8526674516280676
250,,mixed,16,aggregated,2,48,29,29,48,0.5833333333333334,0.6041666666666666,1.9253286028925014,0.14063962788280948,231.32373491711598,3.378669658549841,3.184861842817317,0.07746990779234589,288.7608070821034,7.023938306506047
250,,mixed,16,disaggregated,2,48,12,12,48,0.20833333333333334,0.25,0.6794570728380054,0.1818628437179167,86.97050532326469,23.278443995893337,2.7073001053640393,0.08933462046834471,245.4618762196729,8.099672255796575
500,,i64-o128,4,aggregated,2,48,48,48,48,1.0,1.0,0.9399557516412358,0.004294618894272414,120.31433621007818,0.549711218466869,0.9399557516412358,0.004294618894272414,120.31433621007818,0.549711218466869
500,,i64-o128,4,disaggregated,2,48,48,48,48,1.0,1.0,0.8801834378355037,0.010845852460193001,112.66348004294447,1.3882691149047042,0.8801834378355037,0.010845852460193001,112.66348004294447,1.3882691149047042
500,,i64-o128,16,aggregated,2,48,48,48,48,1.0,1.0,2.354488786029968,0.030598367167080226,301.3745646118359,3.916590997386269,2.354488786029968,0.030598367167080226,301.3745646118359,3.916590997386269
500,,i64-o128,16,disaggregated,2,48,31,31,48,0.5833333333333334,0.6458333333333334,1.3964607866270935,0.2004821298543296,178.74698068826797,25.661712621354187,2.1612603814214992,0.01463519365580729,276.6413288219519,1.873304787943333
500,,i64-o16,4,aggregated,2,48,48,48,48,1.0,1.0,7.388393230204782,0.14768233383758497,118.21429168327651,2.3629173414013596,7.388393230204782,0.14768233383758497,118.21429168327651,2.3629173414013596
500,,i64-o16,4,disaggregated,2,48,48,48,48,1.0,1.0,6.086133541468364,0.04283138293511719,97.37813666349382,0.6853021269618751,6.086133541468364,0.04283138293511719,97.37813666349382,0.6853021269618751
500,,i64-o16,16,aggregated,2,48,48,48,48,1.0,1.0,17.272268947116896,0.304949178038586,276.35630315387033,4.879186848617376,17.272268947116896,0.304949178038586,276.35630315387033,4.879186848617376
500,,i64-o16,16,disaggregated,2,48,31,31,48,0.625,0.6458333333333334,8.358225738291651,0.3896617139481959,133.73161181266642,6.234587423171134,12.94147327233698,0.012959846796306863,207.06357235739168,0.2073575487409098
500,,i704-o128,4,aggregated,2,48,48,48,48,1.0,1.0,0.910382361475916,0.013586611015685842,116.52894226891725,1.7390862100077877,0.910382361475916,0.013586611015685842,116.52894226891725,1.7390862100077877
500,,i704-o128,4,disaggregated,2,48,40,40,48,0.8333333333333334,0.8333333333333334,0.6932742690191137,0.006735932559300397,88.73910643444655,0.8621993675904508,0.8319291228229364,0.008083119071160461,106.48692772133586,1.034639241108539
500,,i704-o128,16,aggregated,2,48,29,29,48,0.5833333333333334,0.6041666666666666,1.302751218185976,0.06993814527198994,166.75215592780492,8.952082594814712,2.1560189480347356,0.010619301241773104,275.97042534844616,1.3592705589469574
500,,i704-o128,16,disaggregated,2,48,10,10,48,0.20833333333333334,0.20833333333333334,0.38269474531948433,0.0001072155947692206,48.984927400893994,0.013723596130460237,1.8369347775335245,0.0005146348548921647,235.12765152429114,0.06587326142619708
500,,i704-o16,4,aggregated,2,48,48,48,48,1.0,1.0,6.386628387760931,0.0325483227158781,102.1860542041749,0.5207731634540496,6.386628387760931,0.0325483227158781,102.1860542041749,0.5207731634540496
500,,i704-o16,4,disaggregated,2,48,40,40,48,0.7916666666666666,0.8333333333333334,3.7752234512543907,0.3197962563654208,60.40357522007025,5.116740101846733,4.528020386382782,0.06357611558228561,72.44832618212452,1.0172178493165698
500,,i704-o16,16,aggregated,2,48,30,30,48,0.625,0.625,7.70677329108686,0.051840454231546026,123.30837265738975,0.8294472677047364,12.330837265738975,0.0829447267704739,197.2933962518236,1.3271156283275825
500,,i704-o16,16,disaggregated,2,48,2,2,48,0.041666666666666664,0.041666666666666664,0.24151376533615387,0.01122497633588122,3.864220245378462,0.17959962137409952,5.796330368067693,0.26939943206114925,92.74128588908309,4.310390912978388
500,,mixed,4,aggregated,2,48,48,48,48,1.0,1.0,1.2369114239214989,0.028555657463817986,112.14663576888258,2.5890462767195084,1.2369114239214989,0.028555657463817986,112.14663576888258,2.5890462767195084
500,,mixed,4,disaggregated,2,48,48,48,48,1.0,1.0,1.172395388996908,0.009404420422368559,106.29718193571966,0.8526674516280676,1.172395388996908,0.009404420422368559,106.29718193571966,0.8526674516280676
500,,mixed,16,aggregated,2,48,47,47,48,0.9583333333333334,0.9791666666666666,3.119651793948995,0.16969084330493922,287.71744630021027,8.499473274707524,3.184861842817317,0.07746990779234589,288.7608070821034,7.023938306506047
500,,mixed,16,disaggregated,2,48,23,23,48,0.375,0.4791666666666667,1.303828083396091,0.4416291438098249,141.62186035796861,55.694740616619704,2.7073001053640393,0.08933462046834471,245.4618762196729,8.099672255796575
1000,,i64-o128,4,aggregated,2,48,48,48,48,1.0,1.0,0.9399557516412358,0.004294618894272414,120.31433621007818,0.549711218466869,0.9399557516412358,0.004294618894272414,120.31433621007818,0.549711218466869
1000,,i64-o128,4,disaggregated,2,48,48,48,48,1.0,1.0,0.8801834378355037,0.010845852460193001,112.66348004294447,1.3882691149047042,0.8801834378355037,0.010845852460193001,112.66348004294447,1.3882691149047042
1000,,i64-o128,16,aggregated,2,48,48,48,48,1.0,1.0,2.354488786029968,0.030598367167080226,301.3745646118359,3.916590997386269,2.354488786029968,0.030598367167080226,301.3745646118359,3.916590997386269
1000,,i64-o128,16,disaggregated,2,48,48,48,48,1.0,1.0,2.1612603814214992,0.01463519365580729,276.6413288219519,1.873304787943333,2.1612603814214992,0.01463519365580729,276.6413288219519,1.873304787943333
1000,,i64-o16,4,aggregated,2,48,48,48,48,1.0,1.0,7.388393230204782,0.14768233383758497,118.21429168327651,2.3629173414013596,7.388393230204782,0.14768233383758497,118.21429168327651,2.3629173414013596
1000,,i64-o16,4,disaggregated,2,48,48,48,48,1.0,1.0,6.086133541468364,0.04283138293511719,97.37813666349382,0.6853021269618751,6.086133541468364,0.04283138293511719,97.37813666349382,0.6853021269618751
1000,,i64-o16,16,aggregated,2,48,48,48,48,1.0,1.0,17.272268947116896,0.304949178038586,276.35630315387033,4.879186848617376,17.272268947116896,0.304949178038586,276.35630315387033,4.879186848617376
1000,,i64-o16,16,disaggregated,2,48,48,48,48,1.0,1.0,12.94147327233698,0.012959846796306863,207.06357235739168,0.2073575487409098,12.94147327233698,0.012959846796306863,207.06357235739168,0.2073575487409098
1000,,i704-o128,4,aggregated,2,48,48,48,48,1.0,1.0,0.910382361475916,0.013586611015685842,116.52894226891725,1.7390862100077877,0.910382361475916,0.013586611015685842,116.52894226891725,1.7390862100077877
1000,,i704-o128,4,disaggregated,2,48,48,48,48,1.0,1.0,0.8319291228229364,0.008083119071160461,106.48692772133586,1.034639241108539,0.8319291228229364,0.008083119071160461,106.48692772133586,1.034639241108539
1000,,i704-o128,16,aggregated,2,48,48,48,48,1.0,1.0,2.1560189480347356,0.010619301241773104,275.97042534844616,1.3592705589469574,2.1560189480347356,0.010619301241773104,275.97042534844616,1.3592705589469574
1000,,i704-o128,16,disaggregated,2,48,26,26,48,0.5416666666666666,0.5416666666666666,0.9950063378306593,0.00027876054639990294,127.36081124232439,0.035681349939187576,1.8369347775335245,0.0005146348548921647,235.12765152429114,0.06587326142619708
1000,,i704-o16,4,aggregated,2,48,48,48,48,1.0,1.0,6.386628387760931,0.0325483227158781,102.1860542041749,0.5207731634540496,6.386628387760931,0.0325483227158781,102.1860542041749,0.5207731634540496
1000,,i704-o16,4,disaggregated,2,48,48,48,48,1.0,1.0,4.528020386382782,0.06357611558228561,72.44832618212452,1.0172178493165698,4.528020386382782,0.06357611558228561,72.44832618212452,1.0172178493165698
1000,,i704-o16,16,aggregated,2,48,48,48,48,1.0,1.0,12.330837265738975,0.0829447267704739,197.2933962518236,1.3271156283275825,12.330837265738975,0.0829447267704739,197.2933962518236,1.3271156283275825
1000,,i704-o16,16,disaggregated,2,48,9,9,48,0.16666666666666666,0.1875,1.0907805724555724,0.22128841473055638,17.452489159289158,3.540614635688902,5.796330368067693,0.26939943206114925,92.74128588908309,4.310390912978388
1000,,mixed,4,aggregated,2,48,48,48,48,1.0,1.0,1.2369114239214989,0.028555657463817986,112.14663576888258,2.5890462767195084,1.2369114239214989,0.028555657463817986,112.14663576888258,2.5890462767195084
1000,,mixed,4,disaggregated,2,48,48,48,48,1.0,1.0,1.172395388996908,0.009404420422368559,106.29718193571966,0.8526674516280676,1.172395388996908,0.009404420422368559,106.29718193571966,0.8526674516280676
1000,,mixed,16,aggregated,2,48,48,48,48,1.0,1.0,3.184861842817317,0.07746990779234589,288.7608070821034,7.023938306506047,3.184861842817317,0.07746990779234589,288.7608070821034,7.023938306506047
1000,,mixed,16,disaggregated,2,48,37,37,48,0.75,0.7708333333333334,2.088193187799945,0.1486266975780978,216.75245940493085,17.356637707920726,2.7073001053640393,0.08933462046834471,245.4618762196729,8.099672255796575
2000,,i64-o128,4,aggregated,2,48,48,48,48,1.0,1.0,0.9399557516412358,0.004294618894272414,120.31433621007818,0.549711218466869,0.9399557516412358,0.004294618894272414,120.31433621007818,0.549711218466869
2000,,i64-o128,4,disaggregated,2,48,48,48,48,1.0,1.0,0.8801834378355037,0.010845852460193001,112.66348004294447,1.3882691149047042,0.8801834378355037,0.010845852460193001,112.66348004294447,1.3882691149047042
2000,,i64-o128,16,aggregated,2,48,48,48,48,1.0,1.0,2.354488786029968,0.030598367167080226,301.3745646118359,3.916590997386269,2.354488786029968,0.030598367167080226,301.3745646118359,3.916590997386269
2000,,i64-o128,16,disaggregated,2,48,48,48,48,1.0,1.0,2.1612603814214992,0.01463519365580729,276.6413288219519,1.873304787943333,2.1612603814214992,0.01463519365580729,276.6413288219519,1.873304787943333
2000,,i64-o16,4,aggregated,2,48,48,48,48,1.0,1.0,7.388393230204782,0.14768233383758497,118.21429168327651,2.3629173414013596,7.388393230204782,0.14768233383758497,118.21429168327651,2.3629173414013596
2000,,i64-o16,4,disaggregated,2,48,48,48,48,1.0,1.0,6.086133541468364,0.04283138293511719,97.37813666349382,0.6853021269618751,6.086133541468364,0.04283138293511719,97.37813666349382,0.6853021269618751
2000,,i64-o16,16,aggregated,2,48,48,48,48,1.0,1.0,17.272268947116896,0.304949178038586,276.35630315387033,4.879186848617376,17.272268947116896,0.304949178038586,276.35630315387033,4.879186848617376
2000,,i64-o16,16,disaggregated,2,48,48,48,48,1.0,1.0,12.94147327233698,0.012959846796306863,207.06357235739168,0.2073575487409098,12.94147327233698,0.012959846796306863,207.06357235739168,0.2073575487409098
2000,,i704-o128,4,aggregated,2,48,48,48,48,1.0,1.0,0.910382361475916,0.013586611015685842,116.52894226891725,1.7390862100077877,0.910382361475916,0.013586611015685842,116.52894226891725,1.7390862100077877
2000,,i704-o128,4,disaggregated,2,48,48,48,48,1.0,1.0,0.8319291228229364,0.008083119071160461,106.48692772133586,1.034639241108539,0.8319291228229364,0.008083119071160461,106.48692772133586,1.034639241108539
2000,,i704-o128,16,aggregated,2,48,48,48,48,1.0,1.0,2.1560189480347356,0.010619301241773104,275.97042534844616,1.3592705589469574,2.1560189480347356,0.010619301241773104,275.97042534844616,1.3592705589469574
2000,,i704-o128,16,disaggregated,2,48,38,38,48,0.7916666666666666,0.7916666666666666,1.4542400322140403,0.00040741926012290483,186.14272412339716,0.05214966529573182,1.8369347775335245,0.0005146348548921647,235.12765152429114,0.06587326142619708
2000,,i704-o16,4,aggregated,2,48,48,48,48,1.0,1.0,6.386628387760931,0.0325483227158781,102.1860542041749,0.5207731634540496,6.386628387760931,0.0325483227158781,102.1860542041749,0.5207731634540496
2000,,i704-o16,4,disaggregated,2,48,48,48,48,1.0,1.0,4.528020386382782,0.06357611558228561,72.44832618212452,1.0172178493165698,4.528020386382782,0.06357611558228561,72.44832618212452,1.0172178493165698
2000,,i704-o16,16,aggregated,2,48,48,48,48,1.0,1.0,12.330837265738975,0.0829447267704739,197.2933962518236,1.3271156283275825,12.330837265738975,0.0829447267704739,197.2933962518236,1.3271156283275825
2000,,i704-o16,16,disaggregated,2,48,37,37,48,0.7083333333333334,0.7708333333333334,4.4799105440474865,0.7199901258710754,71.67856870475978,11.519842013937206,5.796330368067693,0.26939943206114925,92.74128588908309,4.310390912978388
2000,,mixed,4,aggregated,2,48,48,48,48,1.0,1.0,1.2369114239214989,0.028555657463817986,112.14663576888258,2.5890462767195084,1.2369114239214989,0.028555657463817986,112.14663576888258,2.5890462767195084
2000,,mixed,4,disaggregated,2,48,48,48,48,1.0,1.0,1.172395388996908,0.009404420422368559,106.29718193571966,0.8526674516280676,1.172395388996908,0.009404420422368559,106.29718193571966,0.8526674516280676
2000,,mixed,16,aggregated,2,48,48,48,48,1.0,1.0,3.184861842817317,0.07746990779234589,288.7608070821034,7.023938306506047,3.184861842817317,0.07746990779234589,288.7608070821034,7.023938306506047
2000,,mixed,16,disaggregated,2,48,48,48,48,1.0,1.0,2.7073001053640393,0.08933462046834471,245.4618762196729,8.099672255796575,2.7073001053640393,0.08933462046834471,245.4618762196729,8.099672255796575
5000,,i64-o128,4,aggregated,2,48,48,48,48,1.0,1.0,0.9399557516412358,0.004294618894272414,120.31433621007818,0.549711218466869,0.9399557516412358,0.004294618894272414,120.31433621007818,0.549711218466869
5000,,i64-o128,4,disaggregated,2,48,48,48,48,1.0,1.0,0.8801834378355037,0.010845852460193001,112.66348004294447,1.3882691149047042,0.8801834378355037,0.010845852460193001,112.66348004294447,1.3882691149047042
5000,,i64-o128,16,aggregated,2,48,48,48,48,1.0,1.0,2.354488786029968,0.030598367167080226,301.3745646118359,3.916590997386269,2.354488786029968,0.030598367167080226,301.3745646118359,3.916590997386269
5000,,i64-o128,16,disaggregated,2,48,48,48,48,1.0,1.0,2.1612603814214992,0.01463519365580729,276.6413288219519,1.873304787943333,2.1612603814214992,0.01463519365580729,276.6413288219519,1.873304787943333
5000,,i64-o16,4,aggregated,2,48,48,48,48,1.0,1.0,7.388393230204782,0.14768233383758497,118.21429168327651,2.3629173414013596,7.388393230204782,0.14768233383758497,118.21429168327651,2.3629173414013596
5000,,i64-o16,4,disaggregated,2,48,48,48,48,1.0,1.0,6.086133541468364,0.04283138293511719,97.37813666349382,0.6853021269618751,6.086133541468364,0.04283138293511719,97.37813666349382,0.6853021269618751
5000,,i64-o16,16,aggregated,2,48,48,48,48,1.0,1.0,17.272268947116896,0.304949178038586,276.35630315387033,4.879186848617376,17.272268947116896,0.304949178038586,276.35630315387033,4.879186848617376
5000,,i64-o16,16,disaggregated,2,48,48,48,48,1.0,1.0,12.94147327233698,0.012959846796306863,207.06357235739168,0.2073575487409098,12.94147327233698,0.012959846796306863,207.06357235739168,0.2073575487409098
5000,,i704-o128,4,aggregated,2,48,48,48,48,1.0,1.0,0.910382361475916,0.013586611015685842,116.52894226891725,1.7390862100077877,0.910382361475916,0.013586611015685842,116.52894226891725,1.7390862100077877
5000,,i704-o128,4,disaggregated,2,48,48,48,48,1.0,1.0,0.8319291228229364,0.008083119071160461,106.48692772133586,1.034639241108539,0.8319291228229364,0.008083119071160461,106.48692772133586,1.034639241108539
5000,,i704-o128,16,aggregated,2,48,48,48,48,1.0,1.0,2.1560189480347356,0.010619301241773104,275.97042534844616,1.3592705589469574,2.1560189480347356,0.010619301241773104,275.97042534844616,1.3592705589469574
5000,,i704-o128,16,disaggregated,2,48,48,48,48,1.0,1.0,1.8369347775335245,0.0005146348548921647,235.12765152429114,0.06587326142619708,1.8369347775335245,0.0005146348548921647,235.12765152429114,0.06587326142619708
5000,,i704-o16,4,aggregated,2,48,48,48,48,1.0,1.0,6.386628387760931,0.0325483227158781,102.1860542041749,0.5207731634540496,6.386628387760931,0.0325483227158781,102.1860542041749,0.5207731634540496
5000,,i704-o16,4,disaggregated,2,48,48,48,48,1.0,1.0,4.528020386382782,0.06357611558228561,72.44832618212452,1.0172178493165698,4.528020386382782,0.06357611558228561,72.44832618212452,1.0172178493165698
5000,,i704-o16,16,aggregated,2,48,48,48,48,1.0,1.0,12.330837265738975,0.0829447267704739,197.2933962518236,1.3271156283275825,12.330837265738975,0.0829447267704739,197.2933962518236,1.3271156283275825
5000,,i704-o16,16,disaggregated,2,48,48,48,48,1.0,1.0,5.796330368067693,0.26939943206114925,92.74128588908309,4.310390912978388,5.796330368067693,0.26939943206114925,92.74128588908309,4.310390912978388
5000,,mixed,4,aggregated,2,48,48,48,48,1.0,1.0,1.2369114239214989,0.028555657463817986,112.14663576888258,2.5890462767195084,1.2369114239214989,0.028555657463817986,112.14663576888258,2.5890462767195084
5000,,mixed,4,disaggregated,2,48,48,48,48,1.0,1.0,1.172395388996908,0.009404420422368559,106.29718193571966,0.8526674516280676,1.172395388996908,0.009404420422368559,106.29718193571966,0.8526674516280676
5000,,mixed,16,aggregated,2,48,48,48,48,1.0,1.0,3.184861842817317,0.07746990779234589,288.7608070821034,7.023938306506047,3.184861842817317,0.07746990779234589,288.7608070821034,7.023938306506047
5000,,mixed,16,disaggregated,2,48,48,48,48,1.0,1.0,2.7073001053640393,0.08933462046834471,245.4618762196729,8.099672255796575,2.7073001053640393,0.08933462046834471,245.4618762196729,8.099672255796575
10000,,i64-o128,4,aggregated,2,48,48,48,48,1.0,1.0,0.9399557516412358,0.004294618894272414,120.31433621007818,0.549711218466869,0.9399557516412358,0.004294618894272414,120.31433621007818,0.549711218466869
10000,,i64-o128,4,disaggregated,2,48,48,48,48,1.0,1.0,0.8801834378355037,0.010845852460193001,112.66348004294447,1.3882691149047042,0.8801834378355037,0.010845852460193001,112.66348004294447,1.3882691149047042
10000,,i64-o128,16,aggregated,2,48,48,48,48,1.0,1.0,2.354488786029968,0.030598367167080226,301.3745646118359,3.916590997386269,2.354488786029968,0.030598367167080226,301.3745646118359,3.916590997386269
10000,,i64-o128,16,disaggregated,2,48,48,48,48,1.0,1.0,2.1612603814214992,0.01463519365580729,276.6413288219519,1.873304787943333,2.1612603814214992,0.01463519365580729,276.6413288219519,1.873304787943333
10000,,i64-o16,4,aggregated,2,48,48,48,48,1.0,1.0,7.388393230204782,0.14768233383758497,118.21429168327651,2.3629173414013596,7.388393230204782,0.14768233383758497,118.21429168327651,2.3629173414013596
10000,,i64-o16,4,disaggregated,2,48,48,48,48,1.0,1.0,6.086133541468364,0.04283138293511719,97.37813666349382,0.6853021269618751,6.086133541468364,0.04283138293511719,97.37813666349382,0.6853021269618751
10000,,i64-o16,16,aggregated,2,48,48,48,48,1.0,1.0,17.272268947116896,0.304949178038586,276.35630315387033,4.879186848617376,17.272268947116896,0.304949178038586,276.35630315387033,4.879186848617376
10000,,i64-o16,16,disaggregated,2,48,48,48,48,1.0,1.0,12.94147327233698,0.012959846796306863,207.06357235739168,0.2073575487409098,12.94147327233698,0.012959846796306863,207.06357235739168,0.2073575487409098
10000,,i704-o128,4,aggregated,2,48,48,48,48,1.0,1.0,0.910382361475916,0.013586611015685842,116.52894226891725,1.7390862100077877,0.910382361475916,0.013586611015685842,116.52894226891725,1.7390862100077877
10000,,i704-o128,4,disaggregated,2,48,48,48,48,1.0,1.0,0.8319291228229364,0.008083119071160461,106.48692772133586,1.034639241108539,0.8319291228229364,0.008083119071160461,106.48692772133586,1.034639241108539
10000,,i704-o128,16,aggregated,2,48,48,48,48,1.0,1.0,2.1560189480347356,0.010619301241773104,275.97042534844616,1.3592705589469574,2.1560189480347356,0.010619301241773104,275.97042534844616,1.3592705589469574
10000,,i704-o128,16,disaggregated,2,48,48,48,48,1.0,1.0,1.8369347775335245,0.0005146348548921647,235.12765152429114,0.06587326142619708,1.8369347775335245,0.0005146348548921647,235.12765152429114,0.06587326142619708
10000,,i704-o16,4,aggregated,2,48,48,48,48,1.0,1.0,6.386628387760931,0.0325483227158781,102.1860542041749,0.5207731634540496,6.386628387760931,0.0325483227158781,102.1860542041749,0.5207731634540496
10000,,i704-o16,4,disaggregated,2,48,48,48,48,1.0,1.0,4.528020386382782,0.06357611558228561,72.44832618212452,1.0172178493165698,4.528020386382782,0.06357611558228561,72.44832618212452,1.0172178493165698
10000,,i704-o16,16,aggregated,2,48,48,48,48,1.0,1.0,12.330837265738975,0.0829447267704739,197.2933962518236,1.3271156283275825,12.330837265738975,0.0829447267704739,197.2933962518236,1.3271156283275825
10000,,i704-o16,16,disaggregated,2,48,48,48,48,1.0,1.0,5.796330368067693,0.26939943206114925,92.74128588908309,4.310390912978388,5.796330368067693,0.26939943206114925,92.74128588908309,4.310390912978388
10000,,mixed,4,aggregated,2,48,48,48,48,1.0,1.0,1.2369114239214989,0.028555657463817986,112.14663576888258,2.5890462767195084,1.2369114239214989,0.028555657463817986,112.14663576888258,2.5890462767195084
10000,,mixed,4,disaggregated,2,48,48,48,48,1.0,1.0,1.172395388996908,0.009404420422368559,106.29718193571966,0.8526674516280676,1.172395388996908,0.009404420422368559,106.29718193571966,0.8526674516280676
10000,,mixed,16,aggregated,2,48,48,48,48,1.0,1.0,3.184861842817317,0.07746990779234589,288.7608070821034,7.023938306506047,3.184861842817317,0.07746990779234589,288.7608070821034,7.023938306506047
10000,,mixed,16,disaggregated,2,48,48,48,48,1.0,1.0,2.7073001053640393,0.08933462046834471,245.4618762196729,8.099672255796575,2.7073001053640393,0.08933462046834471,245.4618762196729,8.099672255796575
20000,,i64-o128,4,aggregated,2,48,48,48,48,1.0,1.0,0.9399557516412358,0.004294618894272414,120.31433621007818,0.549711218466869,0.9399557516412358,0.004294618894272414,120.31433621007818,0.549711218466869
20000,,i64-o128,4,disaggregated,2,48,48,48,48,1.0,1.0,0.8801834378355037,0.010845852460193001,112.66348004294447,1.3882691149047042,0.8801834378355037,0.010845852460193001,112.66348004294447,1.3882691149047042
20000,,i64-o128,16,aggregated,2,48,48,48,48,1.0,1.0,2.354488786029968,0.030598367167080226,301.3745646118359,3.916590997386269,2.354488786029968,0.030598367167080226,301.3745646118359,3.916590997386269
20000,,i64-o128,16,disaggregated,2,48,48,48,48,1.0,1.0,2.1612603814214992,0.01463519365580729,276.6413288219519,1.873304787943333,2.1612603814214992,0.01463519365580729,276.6413288219519,1.873304787943333
20000,,i64-o16,4,aggregated,2,48,48,48,48,1.0,1.0,7.388393230204782,0.14768233383758497,118.21429168327651,2.3629173414013596,7.388393230204782,0.14768233383758497,118.21429168327651,2.3629173414013596
20000,,i64-o16,4,disaggregated,2,48,48,48,48,1.0,1.0,6.086133541468364,0.04283138293511719,97.37813666349382,0.6853021269618751,6.086133541468364,0.04283138293511719,97.37813666349382,0.6853021269618751
20000,,i64-o16,16,aggregated,2,48,48,48,48,1.0,1.0,17.272268947116896,0.304949178038586,276.35630315387033,4.879186848617376,17.272268947116896,0.304949178038586,276.35630315387033,4.879186848617376
20000,,i64-o16,16,disaggregated,2,48,48,48,48,1.0,1.0,12.94147327233698,0.012959846796306863,207.06357235739168,0.2073575487409098,12.94147327233698,0.012959846796306863,207.06357235739168,0.2073575487409098
20000,,i704-o128,4,aggregated,2,48,48,48,48,1.0,1.0,0.910382361475916,0.013586611015685842,116.52894226891725,1.7390862100077877,0.910382361475916,0.013586611015685842,116.52894226891725,1.7390862100077877
20000,,i704-o128,4,disaggregated,2,48,48,48,48,1.0,1.0,0.8319291228229364,0.008083119071160461,106.48692772133586,1.034639241108539,0.8319291228229364,0.008083119071160461,106.48692772133586,1.034639241108539
20000,,i704-o128,16,aggregated,2,48,48,48,48,1.0,1.0,2.1560189480347356,0.010619301241773104,275.97042534844616,1.3592705589469574,2.1560189480347356,0.010619301241773104,275.97042534844616,1.3592705589469574
20000,,i704-o128,16,disaggregated,2,48,48,48,48,1.0,1.0,1.8369347775335245,0.0005146348548921647,235.12765152429114,0.06587326142619708,1.8369347775335245,0.0005146348548921647,235.12765152429114,0.06587326142619708
20000,,i704-o16,4,aggregated,2,48,48,48,48,1.0,1.0,6.386628387760931,0.0325483227158781,102.1860542041749,0.5207731634540496,6.386628387760931,0.0325483227158781,102.1860542041749,0.5207731634540496
20000,,i704-o16,4,disaggregated,2,48,48,48,48,1.0,1.0,4.528020386382782,0.06357611558228561,72.44832618212452,1.0172178493165698,4.528020386382782,0.06357611558228561,72.44832618212452,1.0172178493165698
20000,,i704-o16,16,aggregated,2,48,48,48,48,1.0,1.0,12.330837265738975,0.0829447267704739,197.2933962518236,1.3271156283275825,12.330837265738975,0.0829447267704739,197.2933962518236,1.3271156283275825
20000,,i704-o16,16,disaggregated,2,48,48,48,48,1.0,1.0,5.796330368067693,0.26939943206114925,92.74128588908309,4.310390912978388,5.796330368067693,0.26939943206114925,92.74128588908309,4.310390912978388
20000,,mixed,4,aggregated,2,48,48,48,48,1.0,1.0,1.2369114239214989,0.028555657463817986,112.14663576888258,2.5890462767195084,1.2369114239214989,0.028555657463817986,112.14663576888258,2.5890462767195084
20000,,mixed,4,disaggregated,2,48,48,48,48,1.0,1.0,1.172395388996908,0.009404420422368559,106.29718193571966,0.8526674516280676,1.172395388996908,0.009404420422368559,106.29718193571966,0.8526674516280676
20000,,mixed,16,aggregated,2,48,48,48,48,1.0,1.0,3.184861842817317,0.07746990779234589,288.7608070821034,7.023938306506047,3.184861842817317,0.07746990779234589,288.7608070821034,7.023938306506047
20000,,mixed,16,disaggregated,2,48,48,48,48,1.0,1.0,2.7073001053640393,0.08933462046834471,245.4618762196729,8.099672255796575,2.7073001053640393,0.08933462046834471,245.4618762196729,8.099672255796575
