ttft_slo_ms,tpot_slo_ms,workload,mode,attainment_target,concurrency,request_goodput,request_goodput_std,token_goodput,attainment,min_repetition_attainment
,25,i256-o16,aggregated,0.95,,,,,,
,25,i256-o16,disaggregated,0.95,,,,,,
,25,i256-o256,aggregated,0.95,,,,,,
,25,i256-o256,disaggregated,0.95,,,,,,
,25,i256-o64,aggregated,0.95,,,,,,
,25,i256-o64,disaggregated,0.95,,,,,,
,25,i64-o16,aggregated,0.95,,,,,,
,25,i64-o16,disaggregated,0.95,,,,,,
,25,i64-o256,aggregated,0.95,,,,,,
,25,i64-o256,disaggregated,0.95,,,,,,
,25,i64-o64,aggregated,0.95,,,,,,
,25,i64-o64,disaggregated,0.95,,,,,,
,25,i704-o16,aggregated,0.95,,,,,,
,25,i704-o16,disaggregated,0.95,,,,,,
,25,i704-o256,aggregated,0.95,,,,,,
,25,i704-o256,disaggregated,0.95,,,,,,
,25,i704-o64,aggregated,0.95,,,,,,
,25,i704-o64,disaggregated,0.95,,,,,,
,25,mixed,aggregated,0.95,,,,,,
,25,mixed,disaggregated,0.95,,,,,,
,30,i256-o16,aggregated,0.95,2,4.121102994620531,0.02270022132089188,65.9376479139285,1.0,1.0
,30,i256-o16,disaggregated,0.95,2,3.7332473317280837,0.05683451735659063,59.73195730764934,1.0,1.0
,30,i256-o256,aggregated,0.95,2,0.2682490491074594,0.0010473976364467066,68.6717565715096,1.0,1.0
,30,i256-o256,disaggregated,0.95,,,,,,
,30,i256-o64,aggregated,0.95,2,1.0668221017734503,0.004768924920999102,68.27661451350082,1.0,1.0
,30,i256-o64,disaggregated,0.95,2,1.038939472508178,0.013320016656098803,66.49212624052339,1.0,1.0
,30,i64-o16,aggregated,0.95,4,7.560101905463523,0.040401175697127326,120.96163048741637,0.96875,0.96875
,30,i64-o16,disaggregated,0.95,1,2.0556847531098885,0.027501446169903385,32.890956049758216,1.0,1.0
,30,i64-o256,aggregated,0.95,2,0.26918178349348154,0.0006358395052080113,68.91053657433127,1.0,1.0
,30,i64-o256,disaggregated,0.95,,,,,,
,30,i64-o64,aggregated,0.95,2,1.0760819012459542,0.004883848551188994,68.86924167974107,1.0,1.0
,30,i64-o64,disaggregated,0.95,2,1.0619980915836817,0.014895657079479771,67.96787786135563,1.0,1.0
,30,i704-o16,aggregated,0.95,2,3.4231353134510694,0.020904963219625067,54.77016501521711,1.0,1.0
,30,i704-o16,disaggregated,0.95,2,2.9038899371858675,0.025379549177124205,46.46223899497388,1.0,1.0
,30,i704-o256,aggregated,0.95,2,0.26410580486760143,0.001362346291233675,67.61108604610597,1.0,1.0
,30,i704-o256,disaggregated,0.95,1,0.13058516528652345,0.0044672678937833585,33.42980231335,0.9895833333333334,0.96875
,30,i704-o64,aggregated,0.95,2,1.0153539462500099,0.005588110358331045,64.98265256000063,1.0,1.0
,30,i704-o64,disaggregated,0.95,2,0.9523117272845443,0.03225830384905989,60.94795054621083,0.9895833333333334,0.96875
,30,mixed,aggregated,0.95,2,0.44730072718407815,0.004167870441603936,67.54240980479581,1.0,1.0
,30,mixed,disaggregated,0.95,2,0.3828358477146982,0.00962308954510915,57.388429196421896,0.9895833333333334,0.96875
,35,i256-o16,aggregated,0.95,8,7.6864815158297635,0.0974544058928763,122.98370425327622,1.0,1.0
,35,i256-o16,disaggregated,0.95,8,5.880239402270708,0.09013848278998511,94.08383043633133,1.0,1.0
,35,i256-o256,aggregated,0.95,8,0.5027104281091086,0.005674246352636646,128.6938695959318,1.0,1.0
,35,i256-o256,disaggregated,0.95,4,0.3827854162958466,0.008871425275032901,97.99306657173673,1.0,1.0
,35,i256-o64,aggregated,0.95,8,1.9922015938518371,0.015706642949864118,127.50090200651758,1.0,1.0
,35,i256-o64,disaggregated,0.95,4,1.5125377519478755,0.019817767080911906,96.80241612466403,1.0,1.0
,35,i64-o16,aggregated,0.95,4,7.803976160478475,0.04170443942929311,124.8636185676556,1.0,1.0
,35,i64-o16,disaggregated,0.95,2,3.964687804867304,0.07208857292455283,63.435004877876864,1.0,1.0
,35,i64-o256,aggregated,0.95,8,0.5056166299895594,0.006544388469786255,129.4378572773272,1.0,1.0
,35,i64-o256,disaggregated,0.95,8,0.38441359800658825,0.009644968976149536,98.40988108968659,1.0,1.0
,35,i64-o64,aggregated,0.95,8,2.0259607285119743,0.025549662484497044,129.66148662476635,1.0,1.0
,35,i64-o64,disaggregated,0.95,4,1.543640202039512,0.034548528578471245,98.79297293052876,1.0,1.0
,35,i704-o16,aggregated,0.95,8,6.26901513982759,0.05323281135010287,100.30424223724144,1.0,1.0
,35,i704-o16,disaggregated,0.95,8,5.087183997610312,0.18160858102836305,81.394943961765,0.9791666666666666,0.96875
,35,i704-o256,aggregated,0.95,8,0.49630706390823565,0.006032745851796616,127.05460836050833,1.0,1.0
,35,i704-o256,disaggregated,0.95,4,0.3779514943446062,0.007244794533137345,96.75558255221918,1.0,1.0
,35,i704-o64,aggregated,0.95,8,1.8899157972095058,0.008830952057150027,120.95461102140837,1.0,1.0
,35,i704-o64,disaggregated,0.95,8,1.4696514602957602,0.02710767303287764,94.05769345892865,1.0,1.0
,35,mixed,aggregated,0.95,8,0.7098480381050456,0.05799319648479546,107.18705375386189,1.0,1.0
,35,mixed,disaggregated,0.95,8,0.5925752017704643,0.01083443006427746,89.4788554673401,1.0,1.0
,50,i256-o16,aggregated,0.95,8,7.6864815158297635,0.0974544058928763,122.98370425327622,1.0,1.0
,50,i256-o16,disaggregated,0.95,8,5.880239402270708,0.09013848278998511,94.08383043633133,1.0,1.0
,50,i256-o256,aggregated,0.95,8,0.5027104281091086,0.005674246352636646,128.6938695959318,1.0,1.0
,50,i256-o256,disaggregated,0.95,4,0.3827854162958466,0.008871425275032901,97.99306657173673,1.0,1.0
,50,i256-o64,aggregated,0.95,8,1.9922015938518371,0.015706642949864118,127.50090200651758,1.0,1.0
,50,i256-o64,disaggregated,0.95,4,1.5125377519478755,0.019817767080911906,96.80241612466403,1.0,1.0
,50,i64-o16,aggregated,0.95,4,7.803976160478475,0.04170443942929311,124.8636185676556,1.0,1.0
,50,i64-o16,disaggregated,0.95,8,5.920288111108862,0.3463379506091306,94.72460977774179,1.0,1.0
,50,i64-o256,aggregated,0.95,8,0.5056166299895594,0.006544388469786255,129.4378572773272,1.0,1.0
,50,i64-o256,disaggregated,0.95,8,0.38441359800658825,0.009644968976149536,98.40988108968659,1.0,1.0
,50,i64-o64,aggregated,0.95,8,2.0259607285119743,0.025549662484497044,129.66148662476635,1.0,1.0
,50,i64-o64,disaggregated,0.95,4,1.543640202039512,0.034548528578471245,98.79297293052876,1.0,1.0
,50,i704-o16,aggregated,0.95,8,6.26901513982759,0.05323281135010287,100.30424223724144,1.0,1.0
,50,i704-o16,disaggregated,0.95,8,5.194695140033942,0.1180547323063891,83.11512224054307,1.0,1.0
,50,i704-o256,aggregated,0.95,8,0.49630706390823565,0.006032745851796616,127.05460836050833,1.0,1.0
,50,i704-o256,disaggregated,0.95,4,0.3779514943446062,0.007244794533137345,96.75558255221918,1.0,1.0
,50,i704-o64,aggregated,0.95,8,1.8899157972095058,0.008830952057150027,120.95461102140837,1.0,1.0
,50,i704-o64,disaggregated,0.95,8,1.4696514602957602,0.02710767303287764,94.05769345892865,1.0,1.0
,50,mixed,aggregated,0.95,8,0.7098480381050456,0.05799319648479546,107.18705375386189,1.0,1.0
,50,mixed,disaggregated,0.95,8,0.5925752017704643,0.01083443006427746,89.4788554673401,1.0,1.0
