repetition,condition,report,concurrency,requests,output_tokens_per_second,requests_per_second,ttft_avg_ms,ttft_p95_ms,itl_avg_ms,itl_p95_ms,decode_avg_ms,decode_p95_ms,prefill_tokens_per_second_per_user,latency_avg_ms,latency_p95_ms,gpu_uuid,gpu_samples,gpu_utilization_avg_pct,gpu_utilization_max_pct,gpu_memory_used_avg_mib,gpu_memory_used_max_mib,profiling_seconds,job_and_collection_seconds
1,base,r1/base/bench-20260928-144907-081109-local-base-llamacpp-gpu-0.1.0,1,100.0,254.13522208707764,6.0623860230696005,18.285177479999998,28.791169,3.508845265207373,3.6864949674603174,145.05876153,232.24918294999998,7798.857197917776,163.34393900999999,260.87362315,GPU-7b77b97b-2222-89f1-2d5e-5c488faedd7b,10,22.7,76.0,796.0,812.0,16.493344256,42.345335
1,base,r1/base/bench-20260928-144907-081109-local-base-llamacpp-gpu-0.1.0,2,100.0,260.282721011396,6.209034375271851,175.27054437,267.299699,3.4733776342549914,3.631122207936508,143.40939678,228.76069909999998,1068.265689289626,318.67994114999993,374.30940589999994,GPU-7b77b97b-2222-89f1-2d5e-5c488faedd7b,10,22.9,77.0,796.0,812.0,16.103550208,42.255996
1,base,r1/base/bench-20260928-144907-081109-local-base-llamacpp-gpu-0.1.0,4,100.0,261.3404211232875,6.234265771070789,489.33102556,643.6318844,3.460256512959549,3.625830576984127,143.04315466999998,228.42732635,413.7450361203986,632.37418023,751.70850515,GPU-7b77b97b-2222-89f1-2d5e-5c488faedd7b,10,23.1,77.0,799.2,812.0,16.037720064000002,42.164228
1,base,r1/base/bench-20260928-144907-081109-local-base-llamacpp-gpu-0.1.0,8,100.0,261.1435876345179,6.22957031570892,1097.2981495,1252.9519145,3.466501337214542,3.6312750912698406,143.2368209,228.77033075,222.50247993062857,1240.5349704,1359.17341375,GPU-7b77b97b-2222-89f1-2d5e-5c488faedd7b,10,23.1,77.0,796.0,812.0,16.047813888,42.322746
1,enhanced-batch,r1/enhanced-batch/bench-20260928-145241-167433-local-enhanced-batch-llamacpp-gpu-0.1.0,1,100.0,257.77262525609706,6.149156136834377,26.90355686,46.92222339999999,3.2439308020532516,3.371320474603174,133.89890167,212.3931899,5455.633467630313,160.80245853,259.31739115,GPU-7b77b97b-2222-89f1-2d5e-5c488faedd7b,10,24.6,82.0,880.0,896.0,16.260675584,42.199927
1,enhanced-batch,r1/enhanced-batch/bench-20260928-145241-167433-local-enhanced-batch-llamacpp-gpu-0.1.0,2,100.0,307.8902631878448,7.344710476809275,45.03264600999999,72.57166815000001,5.421399433317972,7.010715003225806,224.37033777,394.88782919999994,3230.8091565777017,269.40298377999994,467.07596194999996,GPU-7b77b97b-2222-89f1-2d5e-5c488faedd7b,9,24.22222222222222,78.0,880.0,900.0,13.613261056,37.160929
1,enhanced-batch,r1/enhanced-batch/bench-20260928-145241-167433-local-enhanced-batch-llamacpp-gpu-0.1.0,4,100.0,356.11211720302333,8.49504096381258,79.91082816,133.69174719999998,9.345772664398364,10.998546895161288,385.40842994999997,655.76851985,1834.3918813499697,465.31925811,777.3315825499999,GPU-7b77b97b-2222-89f1-2d5e-5c488faedd7b,9,17.11111111111111,77.0,880.0,900.0,11.768978944,37.131442
1,enhanced-batch,r1/enhanced-batch/bench-20260928-145241-167433-local-enhanced-batch-llamacpp-gpu-0.1.0,8,100.0,392.763280858743,9.369353073920395,134.57716718,219.70394745,16.97714819262673,19.829538083870965,697.992799,1144.3792161,1088.3648904802433,832.5699661799999,1353.8126238999998,GPU-7b77b97b-2222-89f1-2d5e-5c488faedd7b,9,16.666666666666668,75.0,881.7777777777778,904.0,10.669687296000001,37.217591
1,enhanced-cache-clear,r1/enhanced-cache-clear/bench-20260928-145554-466619-local-enhanced-cache-llamacpp-gpu-0.1.0,1,100.0,255.13879620262722,6.08632624529168,20.52955567,31.004458849999956,3.438413370522273,3.6041803849206344,142.10004001,226.538988,7663.633777699859,162.62959568,249.2222476999999,GPU-7b77b97b-2222-89f1-2d5e-5c488faedd7b,10,21.2,71.0,796.0,812.0,16.428417536,42.360715
1,enhanced-cache-clear,r1/enhanced-cache-clear/bench-20260928-145554-466619-local-enhanced-cache-llamacpp-gpu-0.1.0,2,100.0,259.11723412800086,6.181231730152692,177.87162447999998,262.5716483499999,3.436490197731694,3.5964887047619043,142.05322015,226.5787884,1028.6717363367584,319.92484463,402.90356055,GPU-7b77b97b-2222-89f1-2d5e-5c488faedd7b,10,21.4,72.0,796.0,812.0,16.175888384,42.413724
1,enhanced-cache-clear,r1/enhanced-cache-clear/bench-20260928-145554-466619-local-enhanced-cache-llamacpp-gpu-0.1.0,4,100.0,258.97851845674967,6.177922673109486,495.82138432999994,627.83246385,3.4397839273937536,3.5953813833333332,142.13835844,226.50902715,373.59375317272026,637.9597427699999,771.9569558999999,GPU-7b77b97b-2222-89f1-2d5e-5c488faedd7b,10,21.7,73.0,796.0,812.0,16.184519424,42.305245
1,enhanced-cache-clear,r1/enhanced-cache-clear/bench-20260928-145554-466619-local-enhanced-cache-llamacpp-gpu-0.1.0,8,100.0,259.25650083138623,6.184553932046427,1107.7742271500001,1242.36472665,3.4409444774705578,3.5980128658730157,142.17251134,226.67481055,192.80001642803865,1249.94673849,1412.2390450999999,GPU-7b77b97b-2222-89f1-2d5e-5c488faedd7b,10,21.6,73.0,796.0,812.0,16.166206208000002,42.351086
1,enhanced-cache-preserve,r1/enhanced-cache-preserve/bench-20260928-150016-193979-local-enhanced-cache-llamacpp-gpu-0.1.0,1,100.0,254.82366133701785,6.0788087151006165,20.55932896,30.852627799999954,3.4396155254377874,3.583504963492063,142.1205905,225.67313965,7667.1733097064025,162.67991946,250.89472399999994,GPU-7b77b97b-2222-89f1-2d5e-5c488faedd7b,10,21.2,71.0,796.0,812.0,16.44871424,42.240577
1,enhanced-cache-preserve,r1/enhanced-cache-preserve/bench-20260928-150016-193979-local-enhanced-cache-llamacpp-gpu-0.1.0,2,100.0,262.1877678674604,6.254479195311555,174.11421067999999,267.79075159999996,3.4381616968049156,3.619616849206349,142.24507205999998,228.03586149999998,1086.8471301077743,316.35928273999997,374.70857314999995,GPU-7b77b97b-2222-89f1-2d5e-5c488faedd7b,10,21.7,73.0,788.0,796.0,15.986515712000001,42.33224
1,enhanced-cache-preserve,r1/enhanced-cache-preserve/bench-20260928-150016-193979-local-enhanced-cache-llamacpp-gpu-0.1.0,4,100.0,262.0362328144334,6.250864332405377,488.23988409,630.5787365499999,3.4400441419457244,3.602642414285714,142.2412855,226.96647209999998,414.05041007157735,630.48116959,738.8405190999999,GPU-7b77b97b-2222-89f1-2d5e-5c488faedd7b,10,21.6,73.0,788.0,796.0,15.995488512000001,42.468467
1,enhanced-cache-preserve,r1/enhanced-cache-preserve/bench-20260928-150016-193979-local-enhanced-cache-llamacpp-gpu-0.1.0,8,100.0,261.7362938951156,6.2437093009331,1094.99934369,1246.56014325,3.4479243356835636,3.6283557380952383,142.61796761,228.5864115,234.03738719423498,1237.6173113,1364.60074515,GPU-7b77b97b-2222-89f1-2d5e-5c488faedd7b,10,21.4,72.0,788.0,796.0,16.013945088,42.446664
